reporter,product,indicators,time,value
AT,72,QUANTITY_IN_100KG,2014,70770254.18
AT,72,QUANTITY_IN_100KG,2015,69186219.33
AT,72,QUANTITY_IN_100KG,2016,74617759.29
AT,72,QUANTITY_IN_100KG,2017,78963589.26
AT,72,QUANTITY_IN_100KG,2018,72408591.09
AT,72,QUANTITY_IN_100KG,2019,69122379.09
AT,72,QUANTITY_IN_100KG,2020,65846547.87
AT,72,QUANTITY_IN_100KG,2021,72778449.12
AT,72,QUANTITY_IN_100KG,2022,69008788.45
AT,72,QUANTITY_IN_100KG,2023,71446506.25
AT,72,QUANTITY_IN_100KG,2024,68547462.28
AT,72,QUANTITY_IN_100KG,2025,72120395.32
AT,72,VALUE_IN_EUROS,2014,5486084828.0
AT,72,VALUE_IN_EUROS,2015,5522736757.0
AT,72,VALUE_IN_EUROS,2016,5338470582.0
AT,72,VALUE_IN_EUROS,2017,6444969999.0
AT,72,VALUE_IN_EUROS,2018,7008291887.0
AT,72,VALUE_IN_EUROS,2019,6335920683.0
AT,72,VALUE_IN_EUROS,2020,5094544648.0
AT,72,VALUE_IN_EUROS,2021,7188498050.0
AT,72,VALUE_IN_EUROS,2022,9251768533.0
AT,72,VALUE_IN_EUROS,2023,8636337718.0
AT,72,VALUE_IN_EUROS,2024,8058205860.0
AT,72,VALUE_IN_EUROS,2025,7855277203.0
AT,7208,QUANTITY_IN_100KG,2014,10595640.06
AT,7208,QUANTITY_IN_100KG,2015,9745190.28
AT,7208,QUANTITY_IN_100KG,2016,11434323.03
AT,7208,QUANTITY_IN_100KG,2017,13056210.89
AT,7208,QUANTITY_IN_100KG,2018,10639832.26
AT,7208,QUANTITY_IN_100KG,2019,9795161.42
AT,7208,QUANTITY_IN_100KG,2020,9089165.15
AT,7208,QUANTITY_IN_100KG,2021,10056526.77
AT,7208,QUANTITY_IN_100KG,2022,10876173.6
AT,7208,QUANTITY_IN_100KG,2023,11628240.11
AT,7208,QUANTITY_IN_100KG,2024,10534321.01
AT,7208,QUANTITY_IN_100KG,2025,10435794.78
AT,7208,VALUE_IN_EUROS,2014,615809130.0
AT,7208,VALUE_IN_EUROS,2015,545780481.0
AT,7208,VALUE_IN_EUROS,2016,572361936.0
AT,7208,VALUE_IN_EUROS,2017,788966182.0
AT,7208,VALUE_IN_EUROS,2018,705699309.0
AT,7208,VALUE_IN_EUROS,2019,631010150.0
AT,7208,VALUE_IN_EUROS,2020,529691188.0
AT,7208,VALUE_IN_EUROS,2021,864814625.0
AT,7208,VALUE_IN_EUROS,2022,1151059846.0
AT,7208,VALUE_IN_EUROS,2023,1094445448.0
AT,7208,VALUE_IN_EUROS,2024,912784139.0
AT,7208,VALUE_IN_EUROS,2025,842920685.0
BE,72,QUANTITY_IN_100KG,2014,183302244.35
BE,72,QUANTITY_IN_100KG,2015,183856038.04
BE,72,QUANTITY_IN_100KG,2016,204735629.03
BE,72,QUANTITY_IN_100KG,2017,218839457.76
BE,72,QUANTITY_IN_100KG,2018,222095219.67
BE,72,QUANTITY_IN_100KG,2019,208422306.84
BE,72,QUANTITY_IN_100KG,2020,182507031.12
BE,72,QUANTITY_IN_100KG,2021,199867927.09
BE,72,QUANTITY_IN_100KG,2022,197084985.11
BE,72,QUANTITY_IN_100KG,2023,190906180.57
BE,72,QUANTITY_IN_100KG,2024,189844808.63
BE,72,QUANTITY_IN_100KG,2025,198567708.28
BE,72,VALUE_IN_EUROS,2014,12427403849.0
BE,72,VALUE_IN_EUROS,2015,12136699707.0
BE,72,VALUE_IN_EUROS,2016,11981240380.0
BE,72,VALUE_IN_EUROS,2017,15389313052.0
BE,72,VALUE_IN_EUROS,2018,16627188263.0
BE,72,VALUE_IN_EUROS,2019,15083305084.0
BE,72,VALUE_IN_EUROS,2020,12113090499.0
BE,72,VALUE_IN_EUROS,2021,18501773558.0
BE,72,VALUE_IN_EUROS,2022,24224037702.0
BE,72,VALUE_IN_EUROS,2023,19797352724.0
BE,72,VALUE_IN_EUROS,2024,18155189458.0
BE,72,VALUE_IN_EUROS,2025,17461821748.0
BE,7208,QUANTITY_IN_100KG,2014,33188091.8
BE,7208,QUANTITY_IN_100KG,2015,38159841.99
BE,7208,QUANTITY_IN_100KG,2016,42734297.02
BE,7208,QUANTITY_IN_100KG,2017,46752066.43
BE,7208,QUANTITY_IN_100KG,2018,46348007.54
BE,7208,QUANTITY_IN_100KG,2019,44666225.64
BE,7208,QUANTITY_IN_100KG,2020,35323850.63
BE,7208,QUANTITY_IN_100KG,2021,37337398.43
BE,7208,QUANTITY_IN_100KG,2022,41169265.87
BE,7208,QUANTITY_IN_100KG,2023,41505558.97
BE,7208,QUANTITY_IN_100KG,2024,42164852.36
BE,7208,QUANTITY_IN_100KG,2025,40871887.78
BE,7208,VALUE_IN_EUROS,2014,1672704972.0
BE,7208,VALUE_IN_EUROS,2015,1841617235.0
BE,7208,VALUE_IN_EUROS,2016,1879759025.0
BE,7208,VALUE_IN_EUROS,2017,2531454787.0
BE,7208,VALUE_IN_EUROS,2018,2712464371.0
BE,7208,VALUE_IN_EUROS,2019,2497006761.0
BE,7208,VALUE_IN_EUROS,2020,1838113514.0
BE,7208,VALUE_IN_EUROS,2021,2937274832.0
BE,7208,VALUE_IN_EUROS,2022,4183078138.0
BE,7208,VALUE_IN_EUROS,2023,3346270832.0
BE,7208,VALUE_IN_EUROS,2024,3064691873.0
BE,7208,VALUE_IN_EUROS,2025,2791460633.0
BG,72,QUANTITY_IN_100KG,2014,12828743.71
BG,72,QUANTITY_IN_100KG,2015,9923261.0
BG,72,QUANTITY_IN_100KG,2016,10896166.21
BG,72,QUANTITY_IN_100KG,2017,12580122.11
BG,72,QUANTITY_IN_100KG,2018,13451416.75
BG,72,QUANTITY_IN_100KG,2019,12669323.51
BG,72,QUANTITY_IN_100KG,2020,12721050.92
BG,72,QUANTITY_IN_100KG,2021,15865466.27
BG,72,QUANTITY_IN_100KG,2022,13459704.54
BG,72,QUANTITY_IN_100KG,2023,13559459.4
BG,72,QUANTITY_IN_100KG,2024,12800550.72
BG,72,QUANTITY_IN_100KG,2025,11439074.77
BG,72,VALUE_IN_EUROS,2014,549233927.0
BG,72,VALUE_IN_EUROS,2015,411784594.0
BG,72,VALUE_IN_EUROS,2016,402638222.0
BG,72,VALUE_IN_EUROS,2017,536248815.0
BG,72,VALUE_IN_EUROS,2018,676275905.0
BG,72,VALUE_IN_EUROS,2019,608263310.0
BG,72,VALUE_IN_EUROS,2020,535311023.0
BG,72,VALUE_IN_EUROS,2021,976670493.0
BG,72,VALUE_IN_EUROS,2022,1101874390.0
BG,72,VALUE_IN_EUROS,2023,897281906.0
BG,72,VALUE_IN_EUROS,2024,787283073.0
BG,72,VALUE_IN_EUROS,2025,687709927.0
BG,7208,QUANTITY_IN_100KG,2014,2909506.6
BG,7208,QUANTITY_IN_100KG,2015,2395380.03
BG,7208,QUANTITY_IN_100KG,2016,2075253.31
BG,7208,QUANTITY_IN_100KG,2017,2744578.81
BG,7208,QUANTITY_IN_100KG,2018,2592777.67
BG,7208,QUANTITY_IN_100KG,2019,2325420.98
BG,7208,QUANTITY_IN_100KG,2020,2024601.15
BG,7208,QUANTITY_IN_100KG,2021,2336179.2
BG,7208,QUANTITY_IN_100KG,2022,2339429.31
BG,7208,QUANTITY_IN_100KG,2023,2232746.18
BG,7208,QUANTITY_IN_100KG,2024,2069955.21
BG,7208,QUANTITY_IN_100KG,2025,1965701.92
BG,7208,VALUE_IN_EUROS,2014,140297956.0
BG,7208,VALUE_IN_EUROS,2015,109719343.0
BG,7208,VALUE_IN_EUROS,2016,85175311.0
BG,7208,VALUE_IN_EUROS,2017,141435654.0
BG,7208,VALUE_IN_EUROS,2018,150670918.0
BG,7208,VALUE_IN_EUROS,2019,125614795.0
BG,7208,VALUE_IN_EUROS,2020,96406335.0
BG,7208,VALUE_IN_EUROS,2021,178871632.0
BG,7208,VALUE_IN_EUROS,2022,250997270.0
BG,7208,VALUE_IN_EUROS,2023,194794996.0
BG,7208,VALUE_IN_EUROS,2024,157222687.0
BG,7208,VALUE_IN_EUROS,2025,135963887.0
CY,72,QUANTITY_IN_100KG,2014,789728.61
CY,72,QUANTITY_IN_100KG,2015,643365.08
CY,72,QUANTITY_IN_100KG,2016,583313.93
CY,72,QUANTITY_IN_100KG,2017,692849.74
CY,72,QUANTITY_IN_100KG,2018,705659.35
CY,72,QUANTITY_IN_100KG,2019,837204.25
CY,72,QUANTITY_IN_100KG,2020,821675.26
CY,72,QUANTITY_IN_100KG,2021,909186.64
CY,72,QUANTITY_IN_100KG,2022,1078347.11
CY,72,QUANTITY_IN_100KG,2023,968095.38
CY,72,QUANTITY_IN_100KG,2024,1002277.78
CY,72,QUANTITY_IN_100KG,2025,990637.9
CY,72,VALUE_IN_EUROS,2014,21374948.0
CY,72,VALUE_IN_EUROS,2015,14245272.0
CY,72,VALUE_IN_EUROS,2016,11071225.0
CY,72,VALUE_IN_EUROS,2017,16685720.0
CY,72,VALUE_IN_EUROS,2018,19027140.0
CY,72,VALUE_IN_EUROS,2019,20477190.0
CY,72,VALUE_IN_EUROS,2020,19442610.0
CY,72,VALUE_IN_EUROS,2021,33194255.0
CY,72,VALUE_IN_EUROS,2022,42419752.0
CY,72,VALUE_IN_EUROS,2023,33976972.0
CY,72,VALUE_IN_EUROS,2024,36037595.0
CY,72,VALUE_IN_EUROS,2025,30288648.0
CY,7208,QUANTITY_IN_100KG,2014,78.91
CY,7208,QUANTITY_IN_100KG,2018,1027.7
CY,7208,QUANTITY_IN_100KG,2019,93.66
CY,7208,QUANTITY_IN_100KG,2025,3.63
CY,7208,VALUE_IN_EUROS,2014,6131.0
CY,7208,VALUE_IN_EUROS,2018,187178.0
CY,7208,VALUE_IN_EUROS,2019,88547.0
CY,7208,VALUE_IN_EUROS,2025,1525.0
CZ,72,QUANTITY_IN_100KG,2014,56289484.11
CZ,72,QUANTITY_IN_100KG,2015,54695878.7
CZ,72,QUANTITY_IN_100KG,2016,58822386.5
CZ,72,QUANTITY_IN_100KG,2017,60758151.05
CZ,72,QUANTITY_IN_100KG,2018,63481398.13
CZ,72,QUANTITY_IN_100KG,2019,58287612.74
CZ,72,QUANTITY_IN_100KG,2020,59144693.15
CZ,72,QUANTITY_IN_100KG,2021,66038258.07
CZ,72,QUANTITY_IN_100KG,2022,57705017.24
CZ,72,QUANTITY_IN_100KG,2023,56502499.15
CZ,72,QUANTITY_IN_100KG,2024,54665176.31
CZ,72,QUANTITY_IN_100KG,2025,57864025.47
CZ,72,VALUE_IN_EUROS,2014,3126938136.0
CZ,72,VALUE_IN_EUROS,2015,2905147515.0
CZ,72,VALUE_IN_EUROS,2016,2786777213.0
CZ,72,VALUE_IN_EUROS,2017,3334699114.0
CZ,72,VALUE_IN_EUROS,2018,4014037168.0
CZ,72,VALUE_IN_EUROS,2019,3587290942.0
CZ,72,VALUE_IN_EUROS,2020,3136660294.0
CZ,72,VALUE_IN_EUROS,2021,5005223526.0
CZ,72,VALUE_IN_EUROS,2022,5682505558.0
CZ,72,VALUE_IN_EUROS,2023,4515797475.0
CZ,72,VALUE_IN_EUROS,2024,3968634540.0
CZ,72,VALUE_IN_EUROS,2025,3997200451.0
CZ,7208,QUANTITY_IN_100KG,2014,5186129.87
CZ,7208,QUANTITY_IN_100KG,2015,5633499.26
CZ,7208,QUANTITY_IN_100KG,2016,6751590.89
CZ,7208,QUANTITY_IN_100KG,2017,5048936.6
CZ,7208,QUANTITY_IN_100KG,2018,5650894.8
CZ,7208,QUANTITY_IN_100KG,2019,4948354.23
CZ,7208,QUANTITY_IN_100KG,2020,6901058.49
CZ,7208,QUANTITY_IN_100KG,2021,7782548.04
CZ,7208,QUANTITY_IN_100KG,2022,6142825.11
CZ,7208,QUANTITY_IN_100KG,2023,5738213.61
CZ,7208,QUANTITY_IN_100KG,2024,3868193.65
CZ,7208,QUANTITY_IN_100KG,2025,5142638.63
CZ,7208,VALUE_IN_EUROS,2014,277628696.0
CZ,7208,VALUE_IN_EUROS,2015,273301712.0
CZ,7208,VALUE_IN_EUROS,2016,286173185.0
CZ,7208,VALUE_IN_EUROS,2017,283958319.0
CZ,7208,VALUE_IN_EUROS,2018,345635583.0
CZ,7208,VALUE_IN_EUROS,2019,285957100.0
CZ,7208,VALUE_IN_EUROS,2020,340277519.0
CZ,7208,VALUE_IN_EUROS,2021,643031259.0
CZ,7208,VALUE_IN_EUROS,2022,617064098.0
CZ,7208,VALUE_IN_EUROS,2023,480274552.0
CZ,7208,VALUE_IN_EUROS,2024,317758749.0
CZ,7208,VALUE_IN_EUROS,2025,361231921.0
DE,72,QUANTITY_IN_100KG,2014,319530414.92
DE,72,QUANTITY_IN_100KG,2015,311730176.39
DE,72,QUANTITY_IN_100KG,2016,318984389.94
DE,72,QUANTITY_IN_100KG,2017,335196304.18
DE,72,QUANTITY_IN_100KG,2018,326418868.39
DE,72,QUANTITY_IN_100KG,2019,315015768.7
DE,72,QUANTITY_IN_100KG,2020,290690719.0
DE,72,QUANTITY_IN_100KG,2021,313921713.74
DE,72,QUANTITY_IN_100KG,2022,293616428.43
DE,72,QUANTITY_IN_100KG,2023,291594872.26
DE,72,QUANTITY_IN_100KG,2024,292656278.16
DE,72,QUANTITY_IN_100KG,2025,292133067.91
DE,72,VALUE_IN_EUROS,2014,21892323746.0
DE,72,VALUE_IN_EUROS,2015,20821421567.0
DE,72,VALUE_IN_EUROS,2016,19380408902.0
DE,72,VALUE_IN_EUROS,2017,23273532327.0
DE,72,VALUE_IN_EUROS,2018,24623936130.0
DE,72,VALUE_IN_EUROS,2019,22800104826.0
DE,72,VALUE_IN_EUROS,2020,19342777027.0
DE,72,VALUE_IN_EUROS,2021,27799006615.0
DE,72,VALUE_IN_EUROS,2022,35663576963.0
DE,72,VALUE_IN_EUROS,2023,30338607205.0
DE,72,VALUE_IN_EUROS,2024,28415253793.0
DE,72,VALUE_IN_EUROS,2025,26301928086.0
DE,7208,QUANTITY_IN_100KG,2014,36432945.36
DE,7208,QUANTITY_IN_100KG,2015,38759216.53
DE,7208,QUANTITY_IN_100KG,2016,37862428.04
DE,7208,QUANTITY_IN_100KG,2017,43588586.25
DE,7208,QUANTITY_IN_100KG,2018,39541446.92
DE,7208,QUANTITY_IN_100KG,2019,40390270.08
DE,7208,QUANTITY_IN_100KG,2020,34041127.86
DE,7208,QUANTITY_IN_100KG,2021,35316511.1
DE,7208,QUANTITY_IN_100KG,2022,34348733.85
DE,7208,QUANTITY_IN_100KG,2023,34804150.14
DE,7208,QUANTITY_IN_100KG,2024,34278914.64
DE,7208,QUANTITY_IN_100KG,2025,31060570.33
DE,7208,VALUE_IN_EUROS,2014,1912830878.0
DE,7208,VALUE_IN_EUROS,2015,1981059284.0
DE,7208,VALUE_IN_EUROS,2016,1732750017.0
DE,7208,VALUE_IN_EUROS,2017,2393128583.0
DE,7208,VALUE_IN_EUROS,2018,2382080857.0
DE,7208,VALUE_IN_EUROS,2019,2321412868.0
DE,7208,VALUE_IN_EUROS,2020,1849612318.0
DE,7208,VALUE_IN_EUROS,2021,2724045971.0
DE,7208,VALUE_IN_EUROS,2022,3581315406.0
DE,7208,VALUE_IN_EUROS,2023,3129725440.0
DE,7208,VALUE_IN_EUROS,2024,2826283762.0
DE,7208,VALUE_IN_EUROS,2025,2390799223.0
DK,72,QUANTITY_IN_100KG,2014,23854213.93
DK,72,QUANTITY_IN_100KG,2015,20339220.96
DK,72,QUANTITY_IN_100KG,2016,24185003.12
DK,72,QUANTITY_IN_100KG,2017,24803125.13
DK,72,QUANTITY_IN_100KG,2018,25697544.62
DK,72,QUANTITY_IN_100KG,2019,24528813.36
DK,72,QUANTITY_IN_100KG,2020,23956218.13
DK,72,QUANTITY_IN_100KG,2021,29918255.16
DK,72,QUANTITY_IN_100KG,2022,29486913.71
DK,72,QUANTITY_IN_100KG,2023,29047787.26
DK,72,QUANTITY_IN_100KG,2024,27258188.81
DK,72,QUANTITY_IN_100KG,2025,27508549.12
DK,72,VALUE_IN_EUROS,2014,1109865876.0
DK,72,VALUE_IN_EUROS,2015,954209386.0
DK,72,VALUE_IN_EUROS,2016,1004001767.0
DK,72,VALUE_IN_EUROS,2017,1185063887.0
DK,72,VALUE_IN_EUROS,2018,1344305575.0
DK,72,VALUE_IN_EUROS,2019,1286149360.0
DK,72,VALUE_IN_EUROS,2020,1134236476.0
DK,72,VALUE_IN_EUROS,2021,1884314924.0
DK,72,VALUE_IN_EUROS,2022,2373191082.0
DK,72,VALUE_IN_EUROS,2023,1976092685.0
DK,72,VALUE_IN_EUROS,2024,1723543918.0
DK,72,VALUE_IN_EUROS,2025,1554841347.0
DK,7208,QUANTITY_IN_100KG,2014,4162945.07
DK,7208,QUANTITY_IN_100KG,2015,4643837.06
DK,7208,QUANTITY_IN_100KG,2016,5401314.24
DK,7208,QUANTITY_IN_100KG,2017,5599135.44
DK,7208,QUANTITY_IN_100KG,2018,6370615.18
DK,7208,QUANTITY_IN_100KG,2019,6416857.69
DK,7208,QUANTITY_IN_100KG,2020,5753984.41
DK,7208,QUANTITY_IN_100KG,2021,6488743.73
DK,7208,QUANTITY_IN_100KG,2022,7413500.04
DK,7208,QUANTITY_IN_100KG,2023,6764644.8
DK,7208,QUANTITY_IN_100KG,2024,5664431.97
DK,7208,QUANTITY_IN_100KG,2025,5301959.6
DK,7208,VALUE_IN_EUROS,2014,244022648.0
DK,7208,VALUE_IN_EUROS,2015,254414925.0
DK,7208,VALUE_IN_EUROS,2016,268985152.0
DK,7208,VALUE_IN_EUROS,2017,339875028.0
DK,7208,VALUE_IN_EUROS,2018,417694158.0
DK,7208,VALUE_IN_EUROS,2019,421530594.0
DK,7208,VALUE_IN_EUROS,2020,344078369.0
DK,7208,VALUE_IN_EUROS,2021,514397964.0
DK,7208,VALUE_IN_EUROS,2022,800956034.0
DK,7208,VALUE_IN_EUROS,2023,621484951.0
DK,7208,VALUE_IN_EUROS,2024,443430507.0
DK,7208,VALUE_IN_EUROS,2025,395719202.0
EE,72,QUANTITY_IN_100KG,2014,5460933.68
EE,72,QUANTITY_IN_100KG,2015,3988210.93
EE,72,QUANTITY_IN_100KG,2016,4675716.84
EE,72,QUANTITY_IN_100KG,2017,6813839.31
EE,72,QUANTITY_IN_100KG,2018,6213643.38
EE,72,QUANTITY_IN_100KG,2019,5416902.76
EE,72,QUANTITY_IN_100KG,2020,5264446.83
EE,72,QUANTITY_IN_100KG,2021,6813378.65
EE,72,QUANTITY_IN_100KG,2022,5411842.95
EE,72,QUANTITY_IN_100KG,2023,5508181.93
EE,72,QUANTITY_IN_100KG,2024,4434183.18
EE,72,QUANTITY_IN_100KG,2025,5349152.2
EE,72,VALUE_IN_EUROS,2014,248616427.0
EE,72,VALUE_IN_EUROS,2015,195227554.0
EE,72,VALUE_IN_EUROS,2016,196892754.0
EE,72,VALUE_IN_EUROS,2017,293056133.0
EE,72,VALUE_IN_EUROS,2018,312593267.0
EE,72,VALUE_IN_EUROS,2019,286166501.0
EE,72,VALUE_IN_EUROS,2020,279350827.0
EE,72,VALUE_IN_EUROS,2021,449206992.0
EE,72,VALUE_IN_EUROS,2022,469990714.0
EE,72,VALUE_IN_EUROS,2023,383615687.0
EE,72,VALUE_IN_EUROS,2024,332598820.0
EE,72,VALUE_IN_EUROS,2025,331847468.0
EE,7208,QUANTITY_IN_100KG,2014,163059.64
EE,7208,QUANTITY_IN_100KG,2015,140001.5
EE,7208,QUANTITY_IN_100KG,2016,119505.31
EE,7208,QUANTITY_IN_100KG,2017,182033.41
EE,7208,QUANTITY_IN_100KG,2018,146606.15
EE,7208,QUANTITY_IN_100KG,2019,137948.32
EE,7208,QUANTITY_IN_100KG,2020,140505.49
EE,7208,QUANTITY_IN_100KG,2021,191155.61
EE,7208,QUANTITY_IN_100KG,2022,158037.45
EE,7208,QUANTITY_IN_100KG,2023,128420.59
EE,7208,QUANTITY_IN_100KG,2024,130148.35
EE,7208,QUANTITY_IN_100KG,2025,224363.01
EE,7208,VALUE_IN_EUROS,2014,9520281.0
EE,7208,VALUE_IN_EUROS,2015,8054443.0
EE,7208,VALUE_IN_EUROS,2016,6876956.0
EE,7208,VALUE_IN_EUROS,2017,12568021.0
EE,7208,VALUE_IN_EUROS,2018,10046757.0
EE,7208,VALUE_IN_EUROS,2019,9182422.0
EE,7208,VALUE_IN_EUROS,2020,8266660.0
EE,7208,VALUE_IN_EUROS,2021,18970325.0
EE,7208,VALUE_IN_EUROS,2022,19863803.0
EE,7208,VALUE_IN_EUROS,2023,12094945.0
EE,7208,VALUE_IN_EUROS,2024,10892450.0
EE,7208,VALUE_IN_EUROS,2025,17488677.0
ES,72,QUANTITY_IN_100KG,2014,99166395.12
ES,72,QUANTITY_IN_100KG,2015,93933365.5
ES,72,QUANTITY_IN_100KG,2016,91635007.72
ES,72,QUANTITY_IN_100KG,2017,94311268.19
ES,72,QUANTITY_IN_100KG,2018,95566580.28
ES,72,QUANTITY_IN_100KG,2019,92756158.98
ES,72,QUANTITY_IN_100KG,2020,78594262.84
ES,72,QUANTITY_IN_100KG,2021,95606782.1
ES,72,QUANTITY_IN_100KG,2022,82186558.21
ES,72,QUANTITY_IN_100KG,2023,76882176.48
ES,72,QUANTITY_IN_100KG,2024,79151699.92
ES,72,QUANTITY_IN_100KG,2025,79978723.52
ES,72,VALUE_IN_EUROS,2014,6846135129.0
ES,72,VALUE_IN_EUROS,2015,6418900144.0
ES,72,VALUE_IN_EUROS,2016,5699062408.0
ES,72,VALUE_IN_EUROS,2017,6993451872.0
ES,72,VALUE_IN_EUROS,2018,7750857234.0
ES,72,VALUE_IN_EUROS,2019,6994285163.0
ES,72,VALUE_IN_EUROS,2020,5627320911.0
ES,72,VALUE_IN_EUROS,2021,9086691380.0
ES,72,VALUE_IN_EUROS,2022,11011968933.0
ES,72,VALUE_IN_EUROS,2023,8607887479.0
ES,72,VALUE_IN_EUROS,2024,7800460307.0
ES,72,VALUE_IN_EUROS,2025,7518616515.0
ES,7208,QUANTITY_IN_100KG,2014,7131507.02
ES,7208,QUANTITY_IN_100KG,2015,6542182.9
ES,7208,QUANTITY_IN_100KG,2016,6002185.31
ES,7208,QUANTITY_IN_100KG,2017,6998040.67
ES,7208,QUANTITY_IN_100KG,2018,7593438.06
ES,7208,QUANTITY_IN_100KG,2019,8668201.48
ES,7208,QUANTITY_IN_100KG,2020,5051417.66
ES,7208,QUANTITY_IN_100KG,2021,7737916.93
ES,7208,QUANTITY_IN_100KG,2022,6642592.94
ES,7208,QUANTITY_IN_100KG,2023,5848449.24
ES,7208,QUANTITY_IN_100KG,2024,7832376.13
ES,7208,QUANTITY_IN_100KG,2025,9096007.47
ES,7208,VALUE_IN_EUROS,2014,357390118.0
ES,7208,VALUE_IN_EUROS,2015,324743134.0
ES,7208,VALUE_IN_EUROS,2016,271674225.0
ES,7208,VALUE_IN_EUROS,2017,390425919.0
ES,7208,VALUE_IN_EUROS,2018,451733930.0
ES,7208,VALUE_IN_EUROS,2019,473972182.0
ES,7208,VALUE_IN_EUROS,2020,287790210.0
ES,7208,VALUE_IN_EUROS,2021,680976320.0
ES,7208,VALUE_IN_EUROS,2022,706439482.0
ES,7208,VALUE_IN_EUROS,2023,537642843.0
ES,7208,VALUE_IN_EUROS,2024,614017353.0
ES,7208,VALUE_IN_EUROS,2025,657252376.0
FI,72,QUANTITY_IN_100KG,2014,34286379.63
FI,72,QUANTITY_IN_100KG,2015,34905762.17
FI,72,QUANTITY_IN_100KG,2016,34151436.22
FI,72,QUANTITY_IN_100KG,2017,33403919.42
FI,72,QUANTITY_IN_100KG,2018,35536778.84
FI,72,QUANTITY_IN_100KG,2019,34475509.23
FI,72,QUANTITY_IN_100KG,2020,36472589.73
FI,72,QUANTITY_IN_100KG,2021,40772306.38
FI,72,QUANTITY_IN_100KG,2022,35805097.85
FI,72,QUANTITY_IN_100KG,2023,35902254.53
FI,72,QUANTITY_IN_100KG,2024,33361993.01
FI,72,QUANTITY_IN_100KG,2025,35838651.41
FI,72,VALUE_IN_EUROS,2014,3779653917.0
FI,72,VALUE_IN_EUROS,2015,3720190626.0
FI,72,VALUE_IN_EUROS,2016,3355489779.0
FI,72,VALUE_IN_EUROS,2017,3880471035.0
FI,72,VALUE_IN_EUROS,2018,4148850744.0
FI,72,VALUE_IN_EUROS,2019,3878217592.0
FI,72,VALUE_IN_EUROS,2020,3576281381.0
FI,72,VALUE_IN_EUROS,2021,5246968636.0
FI,72,VALUE_IN_EUROS,2022,6289066989.0
FI,72,VALUE_IN_EUROS,2023,5334496693.0
FI,72,VALUE_IN_EUROS,2024,4672956446.0
FI,72,VALUE_IN_EUROS,2025,4276861644.0
FI,7208,QUANTITY_IN_100KG,2014,3066.12
FI,7208,QUANTITY_IN_100KG,2015,601.55
FI,7208,QUANTITY_IN_100KG,2016,335.82
FI,7208,QUANTITY_IN_100KG,2017,1064.2
FI,7208,QUANTITY_IN_100KG,2018,1531.93
FI,7208,QUANTITY_IN_100KG,2019,964.83
FI,7208,QUANTITY_IN_100KG,2020,433.3
FI,7208,QUANTITY_IN_100KG,2021,2593.99
FI,7208,QUANTITY_IN_100KG,2022,2241.34
FI,7208,QUANTITY_IN_100KG,2023,2351.84
FI,7208,QUANTITY_IN_100KG,2024,4337.16
FI,7208,QUANTITY_IN_100KG,2025,2266.53
FI,7208,VALUE_IN_EUROS,2014,195437.0
FI,7208,VALUE_IN_EUROS,2015,40708.0
FI,7208,VALUE_IN_EUROS,2016,30075.0
FI,7208,VALUE_IN_EUROS,2017,75272.0
FI,7208,VALUE_IN_EUROS,2018,121887.0
FI,7208,VALUE_IN_EUROS,2019,100644.0
FI,7208,VALUE_IN_EUROS,2020,40090.0
FI,7208,VALUE_IN_EUROS,2021,335891.0
FI,7208,VALUE_IN_EUROS,2022,397364455.0
FI,7208,VALUE_IN_EUROS,2023,409036697.0
FI,7208,VALUE_IN_EUROS,2024,358563607.0
FI,7208,VALUE_IN_EUROS,2025,348381030.0
FR,72,QUANTITY_IN_100KG,2014,208649029.56
FR,72,QUANTITY_IN_100KG,2015,192405138.31
FR,72,QUANTITY_IN_100KG,2016,192342022.84
FR,72,QUANTITY_IN_100KG,2017,210620436.57
FR,72,QUANTITY_IN_100KG,2018,208699470.69
FR,72,QUANTITY_IN_100KG,2019,201270820.43
FR,72,QUANTITY_IN_100KG,2020,167166061.76
FR,72,QUANTITY_IN_100KG,2021,196403831.49
FR,72,QUANTITY_IN_100KG,2022,176470468.32
FR,72,QUANTITY_IN_100KG,2023,162045026.57
FR,72,QUANTITY_IN_100KG,2024,158008050.56
FR,72,QUANTITY_IN_100KG,2025,157266337.21
FR,72,VALUE_IN_EUROS,2014,12340139590.0
FR,72,VALUE_IN_EUROS,2015,11341620536.0
FR,72,VALUE_IN_EUROS,2016,10477894023.0
FR,72,VALUE_IN_EUROS,2017,13193051389.0
FR,72,VALUE_IN_EUROS,2018,13887260921.0
FR,72,VALUE_IN_EUROS,2019,12466478008.0
FR,72,VALUE_IN_EUROS,2020,9471223185.0
FR,72,VALUE_IN_EUROS,2021,15294908617.0
FR,72,VALUE_IN_EUROS,2022,18117040793.0
FR,72,VALUE_IN_EUROS,2023,14513190296.0
FR,72,VALUE_IN_EUROS,2024,13255020586.0
FR,72,VALUE_IN_EUROS,2025,12515814953.0
FR,7208,QUANTITY_IN_100KG,2014,44111027.68
FR,7208,QUANTITY_IN_100KG,2015,41048390.51
FR,7208,QUANTITY_IN_100KG,2016,38141019.44
FR,7208,QUANTITY_IN_100KG,2017,42915816.06
FR,7208,QUANTITY_IN_100KG,2018,39848144.79
FR,7208,QUANTITY_IN_100KG,2019,37477880.73
FR,7208,QUANTITY_IN_100KG,2020,28924335.06
FR,7208,QUANTITY_IN_100KG,2021,30492230.99
FR,7208,QUANTITY_IN_100KG,2022,32645149.87
FR,7208,QUANTITY_IN_100KG,2023,24311844.51
FR,7208,QUANTITY_IN_100KG,2024,23344696.12
FR,7208,QUANTITY_IN_100KG,2025,19612887.16
FR,7208,VALUE_IN_EUROS,2014,2116506128.0
FR,7208,VALUE_IN_EUROS,2015,1840543994.0
FR,7208,VALUE_IN_EUROS,2016,1599619458.0
FR,7208,VALUE_IN_EUROS,2017,2305973305.0
FR,7208,VALUE_IN_EUROS,2018,2287872641.0
FR,7208,VALUE_IN_EUROS,2019,1997970485.0
FR,7208,VALUE_IN_EUROS,2020,1339518803.0
FR,7208,VALUE_IN_EUROS,2021,2284728024.0
FR,7208,VALUE_IN_EUROS,2022,3091208690.0
FR,7208,VALUE_IN_EUROS,2023,2064575593.0
FR,7208,VALUE_IN_EUROS,2024,1775414409.0
FR,7208,VALUE_IN_EUROS,2025,1384622964.0
GR,72,QUANTITY_IN_100KG,2014,8014401.15
GR,72,QUANTITY_IN_100KG,2015,6959593.48
GR,72,QUANTITY_IN_100KG,2016,8097067.47
GR,72,QUANTITY_IN_100KG,2017,10958453.0
GR,72,QUANTITY_IN_100KG,2018,12207567.23
GR,72,QUANTITY_IN_100KG,2019,10724212.64
GR,72,QUANTITY_IN_100KG,2020,10204733.94
GR,72,QUANTITY_IN_100KG,2021,12051998.41
GR,72,QUANTITY_IN_100KG,2022,12191810.91
GR,72,QUANTITY_IN_100KG,2023,8193652.14
GR,72,QUANTITY_IN_100KG,2024,9278343.76
GR,72,QUANTITY_IN_100KG,2025,8511485.3
GR,72,VALUE_IN_EUROS,2014,417221557.0
GR,72,VALUE_IN_EUROS,2015,335419104.0
GR,72,VALUE_IN_EUROS,2016,347874958.0
GR,72,VALUE_IN_EUROS,2017,527434408.0
GR,72,VALUE_IN_EUROS,2018,637978502.0
GR,72,VALUE_IN_EUROS,2019,545336092.0
GR,72,VALUE_IN_EUROS,2020,477715831.0
GR,72,VALUE_IN_EUROS,2021,810109863.0
GR,72,VALUE_IN_EUROS,2022,1026450983.0
GR,72,VALUE_IN_EUROS,2023,568011530.0
GR,72,VALUE_IN_EUROS,2024,614256686.0
GR,72,VALUE_IN_EUROS,2025,540900697.0
GR,7208,QUANTITY_IN_100KG,2014,81322.83
GR,7208,QUANTITY_IN_100KG,2015,86556.64
GR,7208,QUANTITY_IN_100KG,2016,68776.66
GR,7208,QUANTITY_IN_100KG,2017,69775.73
GR,7208,QUANTITY_IN_100KG,2018,84526.8
GR,7208,QUANTITY_IN_100KG,2019,83917.77
GR,7208,QUANTITY_IN_100KG,2020,100808.26
GR,7208,QUANTITY_IN_100KG,2021,203247.69
GR,7208,QUANTITY_IN_100KG,2022,81020.16
GR,7208,QUANTITY_IN_100KG,2023,67621.65
GR,7208,QUANTITY_IN_100KG,2024,85224.35
GR,7208,QUANTITY_IN_100KG,2025,79722.75
GR,7208,VALUE_IN_EUROS,2014,4954429.0
GR,7208,VALUE_IN_EUROS,2015,5275715.0
GR,7208,VALUE_IN_EUROS,2016,3456155.0
GR,7208,VALUE_IN_EUROS,2017,4476539.0
GR,7208,VALUE_IN_EUROS,2018,5747524.0
GR,7208,VALUE_IN_EUROS,2019,5482531.0
GR,7208,VALUE_IN_EUROS,2020,5316563.0
GR,7208,VALUE_IN_EUROS,2021,13278576.0
GR,7208,VALUE_IN_EUROS,2022,9537171.0
GR,7208,VALUE_IN_EUROS,2023,6484028.0
GR,7208,VALUE_IN_EUROS,2024,8635548.0
GR,7208,VALUE_IN_EUROS,2025,7790819.0
HR,72,QUANTITY_IN_100KG,2014,5330579.44
HR,72,QUANTITY_IN_100KG,2015,4745702.76
HR,72,QUANTITY_IN_100KG,2016,4515390.16
HR,72,QUANTITY_IN_100KG,2017,4620192.86
HR,72,QUANTITY_IN_100KG,2018,5715218.22
HR,72,QUANTITY_IN_100KG,2019,5981212.08
HR,72,QUANTITY_IN_100KG,2020,6657897.39
HR,72,QUANTITY_IN_100KG,2021,8463605.6
HR,72,QUANTITY_IN_100KG,2022,8759232.95
HR,72,QUANTITY_IN_100KG,2023,7999813.47
HR,72,QUANTITY_IN_100KG,2024,6873730.98
HR,72,QUANTITY_IN_100KG,2025,6394094.73
HR,72,VALUE_IN_EUROS,2014,184286363.0
HR,72,VALUE_IN_EUROS,2015,153210269.0
HR,72,VALUE_IN_EUROS,2016,124163402.0
HR,72,VALUE_IN_EUROS,2017,141249935.0
HR,72,VALUE_IN_EUROS,2018,229259057.0
HR,72,VALUE_IN_EUROS,2019,209443111.0
HR,72,VALUE_IN_EUROS,2020,199335622.0
HR,72,VALUE_IN_EUROS,2021,402788485.0
HR,72,VALUE_IN_EUROS,2022,525384715.0
HR,72,VALUE_IN_EUROS,2023,432201350.0
HR,72,VALUE_IN_EUROS,2024,363323502.0
HR,72,VALUE_IN_EUROS,2025,271089749.0
HR,7208,QUANTITY_IN_100KG,2014,49699.55
HR,7208,QUANTITY_IN_100KG,2015,43387.39
HR,7208,QUANTITY_IN_100KG,2016,129236.34
HR,7208,QUANTITY_IN_100KG,2017,62998.98
HR,7208,QUANTITY_IN_100KG,2018,95100.99
HR,7208,QUANTITY_IN_100KG,2019,92199.8
HR,7208,QUANTITY_IN_100KG,2020,69661.25
HR,7208,QUANTITY_IN_100KG,2021,122183.5
HR,7208,QUANTITY_IN_100KG,2022,164261.92
HR,7208,QUANTITY_IN_100KG,2023,127454.54
HR,7208,QUANTITY_IN_100KG,2024,118501.12
HR,7208,QUANTITY_IN_100KG,2025,174474.93
HR,7208,VALUE_IN_EUROS,2014,2930858.0
HR,7208,VALUE_IN_EUROS,2015,2425364.0
HR,7208,VALUE_IN_EUROS,2016,6937984.0
HR,7208,VALUE_IN_EUROS,2017,3876987.0
HR,7208,VALUE_IN_EUROS,2018,6101018.0
HR,7208,VALUE_IN_EUROS,2019,5953320.0
HR,7208,VALUE_IN_EUROS,2020,4150585.0
HR,7208,VALUE_IN_EUROS,2021,9424966.0
HR,7208,VALUE_IN_EUROS,2022,18627909.0
HR,7208,VALUE_IN_EUROS,2023,12105411.0
HR,7208,VALUE_IN_EUROS,2024,9892000.0
HR,7208,VALUE_IN_EUROS,2025,13801241.0
HU,72,QUANTITY_IN_100KG,2014,25447424.02
HU,72,QUANTITY_IN_100KG,2015,21666858.08
HU,72,QUANTITY_IN_100KG,2016,22270258.7
HU,72,QUANTITY_IN_100KG,2017,26913816.18
HU,72,QUANTITY_IN_100KG,2018,28757091.54
HU,72,QUANTITY_IN_100KG,2019,25535143.04
HU,72,QUANTITY_IN_100KG,2020,24748448.45
HU,72,QUANTITY_IN_100KG,2021,24833270.85
HU,72,QUANTITY_IN_100KG,2022,23525257.3
HU,72,QUANTITY_IN_100KG,2023,18991066.94
HU,72,QUANTITY_IN_100KG,2024,16779357.57
HU,72,QUANTITY_IN_100KG,2025,15482090.57
HU,72,VALUE_IN_EUROS,2014,1114982667.0
HU,72,VALUE_IN_EUROS,2015,909309913.0
HU,72,VALUE_IN_EUROS,2016,853357109.0
HU,72,VALUE_IN_EUROS,2017,1355395454.0
HU,72,VALUE_IN_EUROS,2018,1587576199.0
HU,72,VALUE_IN_EUROS,2019,1338332694.0
HU,72,VALUE_IN_EUROS,2020,1194774010.0
HU,72,VALUE_IN_EUROS,2021,1805441979.0
HU,72,VALUE_IN_EUROS,2022,2003040657.0
HU,72,VALUE_IN_EUROS,2023,1236523077.0
HU,72,VALUE_IN_EUROS,2024,1097755520.0
HU,72,VALUE_IN_EUROS,2025,944212752.0
HU,7208,QUANTITY_IN_100KG,2014,7993963.66
HU,7208,QUANTITY_IN_100KG,2015,6804925.27
HU,7208,QUANTITY_IN_100KG,2016,5803932.76
HU,7208,QUANTITY_IN_100KG,2017,8276562.46
HU,7208,QUANTITY_IN_100KG,2018,8864715.63
HU,7208,QUANTITY_IN_100KG,2019,6951461.23
HU,7208,QUANTITY_IN_100KG,2020,5520256.94
HU,7208,QUANTITY_IN_100KG,2021,3251737.93
HU,7208,QUANTITY_IN_100KG,2022,3888909.1
HU,7208,QUANTITY_IN_100KG,2023,2138069.24
HU,7208,QUANTITY_IN_100KG,2024,744817.82
HU,7208,QUANTITY_IN_100KG,2025,339885.52
HU,7208,VALUE_IN_EUROS,2014,360895625.0
HU,7208,VALUE_IN_EUROS,2015,280223315.0
HU,7208,VALUE_IN_EUROS,2016,226992563.0
HU,7208,VALUE_IN_EUROS,2017,431728157.0
HU,7208,VALUE_IN_EUROS,2018,494585467.0
HU,7208,VALUE_IN_EUROS,2019,348360720.0
HU,7208,VALUE_IN_EUROS,2020,252193911.0
HU,7208,VALUE_IN_EUROS,2021,289918350.0
HU,7208,VALUE_IN_EUROS,2022,398432372.0
HU,7208,VALUE_IN_EUROS,2023,169230308.0
HU,7208,VALUE_IN_EUROS,2024,61839319.0
HU,7208,VALUE_IN_EUROS,2025,34439807.0
IE,72,QUANTITY_IN_100KG,2014,5061799.68
IE,72,QUANTITY_IN_100KG,2015,4363935.58
IE,72,QUANTITY_IN_100KG,2016,4513716.17
IE,72,QUANTITY_IN_100KG,2017,5258976.52
IE,72,QUANTITY_IN_100KG,2018,6317953.79
IE,72,QUANTITY_IN_100KG,2019,5377165.8
IE,72,QUANTITY_IN_100KG,2020,3955675.61
IE,72,QUANTITY_IN_100KG,2021,5349447.95
IE,72,QUANTITY_IN_100KG,2022,6217962.95
IE,72,QUANTITY_IN_100KG,2023,5819505.36
IE,72,QUANTITY_IN_100KG,2024,6028284.87
IE,72,QUANTITY_IN_100KG,2025,5275385.71
IE,72,VALUE_IN_EUROS,2014,203049011.0
IE,72,VALUE_IN_EUROS,2015,172067918.0
IE,72,VALUE_IN_EUROS,2016,166947629.0
IE,72,VALUE_IN_EUROS,2017,225866562.0
IE,72,VALUE_IN_EUROS,2018,255398733.0
IE,72,VALUE_IN_EUROS,2019,233138095.0
IE,72,VALUE_IN_EUROS,2020,194015538.0
IE,72,VALUE_IN_EUROS,2021,314365223.0
IE,72,VALUE_IN_EUROS,2022,380759184.0
IE,72,VALUE_IN_EUROS,2023,319454148.0
IE,72,VALUE_IN_EUROS,2024,348776277.0
IE,72,VALUE_IN_EUROS,2025,278244723.0
IE,7208,QUANTITY_IN_100KG,2014,75920.68
IE,7208,QUANTITY_IN_100KG,2015,86429.97
IE,7208,QUANTITY_IN_100KG,2016,90362.39
IE,7208,QUANTITY_IN_100KG,2017,92654.79
IE,7208,QUANTITY_IN_100KG,2018,90440.71
IE,7208,QUANTITY_IN_100KG,2019,87540.31
IE,7208,QUANTITY_IN_100KG,2020,44073.03
IE,7208,QUANTITY_IN_100KG,2021,97056.79
IE,7208,QUANTITY_IN_100KG,2022,55519.93
IE,7208,QUANTITY_IN_100KG,2023,22056.51
IE,7208,QUANTITY_IN_100KG,2024,71594.8
IE,7208,QUANTITY_IN_100KG,2025,73675.02
IE,7208,VALUE_IN_EUROS,2014,9311944.0
IE,7208,VALUE_IN_EUROS,2015,9112835.0
IE,7208,VALUE_IN_EUROS,2016,10554821.0
IE,7208,VALUE_IN_EUROS,2017,13393198.0
IE,7208,VALUE_IN_EUROS,2018,12522917.0
IE,7208,VALUE_IN_EUROS,2019,7563700.0
IE,7208,VALUE_IN_EUROS,2020,3695494.0
IE,7208,VALUE_IN_EUROS,2021,10628431.0
IE,7208,VALUE_IN_EUROS,2022,6218784.0
IE,7208,VALUE_IN_EUROS,2023,2614047.0
IE,7208,VALUE_IN_EUROS,2024,6239702.0
IE,7208,VALUE_IN_EUROS,2025,5719782.0
IT,72,QUANTITY_IN_100KG,2014,137074813.95
IT,72,QUANTITY_IN_100KG,2015,130615678.09
IT,72,QUANTITY_IN_100KG,2016,145683910.35
IT,72,QUANTITY_IN_100KG,2017,148505083.98
IT,72,QUANTITY_IN_100KG,2018,148071198.31
IT,72,QUANTITY_IN_100KG,2019,146070959.5
IT,72,QUANTITY_IN_100KG,2020,127950445.46
IT,72,QUANTITY_IN_100KG,2021,146096827.09
IT,72,QUANTITY_IN_100KG,2022,135356086.23
IT,72,QUANTITY_IN_100KG,2023,136535028.97
IT,72,QUANTITY_IN_100KG,2024,125772902.83
IT,72,QUANTITY_IN_100KG,2025,123544583.24
IT,72,VALUE_IN_EUROS,2014,10239031434.0
IT,72,VALUE_IN_EUROS,2015,9612311643.0
IT,72,VALUE_IN_EUROS,2016,9641038906.0
IT,72,VALUE_IN_EUROS,2017,11751627573.0
IT,72,VALUE_IN_EUROS,2018,12736890985.0
IT,72,VALUE_IN_EUROS,2019,11955252078.0
IT,72,VALUE_IN_EUROS,2020,9709078295.0
IT,72,VALUE_IN_EUROS,2021,16220553604.0
IT,72,VALUE_IN_EUROS,2022,20031321529.0
IT,72,VALUE_IN_EUROS,2023,15780604602.0
IT,72,VALUE_IN_EUROS,2024,13801829620.0
IT,72,VALUE_IN_EUROS,2025,12898937021.0
IT,7208,QUANTITY_IN_100KG,2014,24124193.3
IT,7208,QUANTITY_IN_100KG,2015,20575047.44
IT,7208,QUANTITY_IN_100KG,2016,23082392.57
IT,7208,QUANTITY_IN_100KG,2017,21680731.94
IT,7208,QUANTITY_IN_100KG,2018,20818570.48
IT,7208,QUANTITY_IN_100KG,2019,23263242.12
IT,7208,QUANTITY_IN_100KG,2020,17657810.78
IT,7208,QUANTITY_IN_100KG,2021,18499854.8
IT,7208,QUANTITY_IN_100KG,2022,19229408.9
IT,7208,QUANTITY_IN_100KG,2023,22385264.59
IT,7208,QUANTITY_IN_100KG,2024,18869396.21
IT,7208,QUANTITY_IN_100KG,2025,18992304.26
IT,7208,VALUE_IN_EUROS,2014,1226894991.0
IT,7208,VALUE_IN_EUROS,2015,995517415.0
IT,7208,VALUE_IN_EUROS,2016,1034573529.0
IT,7208,VALUE_IN_EUROS,2017,1227432997.0
IT,7208,VALUE_IN_EUROS,2018,1288269527.0
IT,7208,VALUE_IN_EUROS,2019,1302156682.0
IT,7208,VALUE_IN_EUROS,2020,912751218.0
IT,7208,VALUE_IN_EUROS,2021,1631658982.0
IT,7208,VALUE_IN_EUROS,2022,2131133600.0
IT,7208,VALUE_IN_EUROS,2023,1960591864.0
IT,7208,VALUE_IN_EUROS,2024,1483762716.0
IT,7208,VALUE_IN_EUROS,2025,1378478957.0
LT,72,QUANTITY_IN_100KG,2014,8148373.88
LT,72,QUANTITY_IN_100KG,2015,7749409.56
LT,72,QUANTITY_IN_100KG,2016,8820615.91
LT,72,QUANTITY_IN_100KG,2017,11604928.46
LT,72,QUANTITY_IN_100KG,2018,11854677.87
LT,72,QUANTITY_IN_100KG,2019,10253330.69
LT,72,QUANTITY_IN_100KG,2020,13383827.87
LT,72,QUANTITY_IN_100KG,2021,16636416.22
LT,72,QUANTITY_IN_100KG,2022,12605164.51
LT,72,QUANTITY_IN_100KG,2023,10752905.05
LT,72,QUANTITY_IN_100KG,2024,12132177.06
LT,72,QUANTITY_IN_100KG,2025,12380293.39
LT,72,VALUE_IN_EUROS,2014,317670548.0
LT,72,VALUE_IN_EUROS,2015,278588334.0
LT,72,VALUE_IN_EUROS,2016,291731209.0
LT,72,VALUE_IN_EUROS,2017,446942804.0
LT,72,VALUE_IN_EUROS,2018,515032365.0
LT,72,VALUE_IN_EUROS,2019,412021137.0
LT,72,VALUE_IN_EUROS,2020,470659378.0
LT,72,VALUE_IN_EUROS,2021,850435482.0
LT,72,VALUE_IN_EUROS,2022,815107207.0
LT,72,VALUE_IN_EUROS,2023,541766976.0
LT,72,VALUE_IN_EUROS,2024,576274163.0
LT,72,VALUE_IN_EUROS,2025,541477689.0
LT,7208,QUANTITY_IN_100KG,2014,170792.23
LT,7208,QUANTITY_IN_100KG,2015,156260.72
LT,7208,QUANTITY_IN_100KG,2016,174648.78
LT,7208,QUANTITY_IN_100KG,2017,126044.33
LT,7208,QUANTITY_IN_100KG,2018,137468.95
LT,7208,QUANTITY_IN_100KG,2019,190016.14
LT,7208,QUANTITY_IN_100KG,2020,316171.3
LT,7208,QUANTITY_IN_100KG,2021,288784.57
LT,7208,QUANTITY_IN_100KG,2022,265924.04
LT,7208,QUANTITY_IN_100KG,2023,172137.47
LT,7208,QUANTITY_IN_100KG,2024,258771.93
LT,7208,QUANTITY_IN_100KG,2025,310097.12
LT,7208,VALUE_IN_EUROS,2014,10178963.0
LT,7208,VALUE_IN_EUROS,2015,7015508.0
LT,7208,VALUE_IN_EUROS,2016,8535539.0
LT,7208,VALUE_IN_EUROS,2017,8285375.0
LT,7208,VALUE_IN_EUROS,2018,10220392.0
LT,7208,VALUE_IN_EUROS,2019,12975559.0
LT,7208,VALUE_IN_EUROS,2020,19047614.0
LT,7208,VALUE_IN_EUROS,2021,26451687.0
LT,7208,VALUE_IN_EUROS,2022,41004515.0
LT,7208,VALUE_IN_EUROS,2023,17505291.0
LT,7208,VALUE_IN_EUROS,2024,22392140.0
LT,7208,VALUE_IN_EUROS,2025,23681689.0
LU,72,QUANTITY_IN_100KG,2014,25501202.63
LU,72,QUANTITY_IN_100KG,2015,24654739.04
LU,72,QUANTITY_IN_100KG,2016,24268695.43
LU,72,QUANTITY_IN_100KG,2017,23912061.13
LU,72,QUANTITY_IN_100KG,2018,24988857.96
LU,72,QUANTITY_IN_100KG,2019,23824500.14
LU,72,QUANTITY_IN_100KG,2020,18959691.72
LU,72,QUANTITY_IN_100KG,2021,18480109.28
LU,72,QUANTITY_IN_100KG,2022,16084096.64
LU,72,QUANTITY_IN_100KG,2023,15181993.51
LU,72,QUANTITY_IN_100KG,2024,14805025.46
LU,72,QUANTITY_IN_100KG,2025,14374525.89
LU,72,VALUE_IN_EUROS,2014,1588326254.0
LU,72,VALUE_IN_EUROS,2015,1476392970.0
LU,72,VALUE_IN_EUROS,2016,1363791078.0
LU,72,VALUE_IN_EUROS,2017,1508624089.0
LU,72,VALUE_IN_EUROS,2018,1724352829.0
LU,72,VALUE_IN_EUROS,2019,1557546988.0
LU,72,VALUE_IN_EUROS,2020,1152874669.0
LU,72,VALUE_IN_EUROS,2021,1582222271.0
LU,72,VALUE_IN_EUROS,2022,1900042798.0
LU,72,VALUE_IN_EUROS,2023,1385123207.0
LU,72,VALUE_IN_EUROS,2024,1223353473.0
LU,72,VALUE_IN_EUROS,2025,1120321110.0
LU,7208,QUANTITY_IN_100KG,2014,206695.9
LU,7208,QUANTITY_IN_100KG,2015,124857.78
LU,7208,QUANTITY_IN_100KG,2016,241776.78
LU,7208,QUANTITY_IN_100KG,2017,267736.15
LU,7208,QUANTITY_IN_100KG,2018,171882.31
LU,7208,QUANTITY_IN_100KG,2019,163087.63
LU,7208,QUANTITY_IN_100KG,2020,189597.18
LU,7208,QUANTITY_IN_100KG,2021,216745.83
LU,7208,QUANTITY_IN_100KG,2022,156378.59
LU,7208,QUANTITY_IN_100KG,2023,166162.29
LU,7208,QUANTITY_IN_100KG,2024,194123.92
LU,7208,QUANTITY_IN_100KG,2025,170188.65
LU,7208,VALUE_IN_EUROS,2014,11335803.0
LU,7208,VALUE_IN_EUROS,2015,7742136.0
LU,7208,VALUE_IN_EUROS,2016,11378034.0
LU,7208,VALUE_IN_EUROS,2017,15207982.0
LU,7208,VALUE_IN_EUROS,2018,11563642.0
LU,7208,VALUE_IN_EUROS,2019,12297187.0
LU,7208,VALUE_IN_EUROS,2020,13612696.0
LU,7208,VALUE_IN_EUROS,2021,23347068.0
LU,7208,VALUE_IN_EUROS,2022,20614215.0
LU,7208,VALUE_IN_EUROS,2023,16812822.0
LU,7208,VALUE_IN_EUROS,2024,17097759.0
LU,7208,VALUE_IN_EUROS,2025,14558101.0
LV,72,QUANTITY_IN_100KG,2014,8735710.16
LV,72,QUANTITY_IN_100KG,2015,10013949.57
LV,72,QUANTITY_IN_100KG,2016,8153650.12
LV,72,QUANTITY_IN_100KG,2017,9093489.73
LV,72,QUANTITY_IN_100KG,2018,10135426.08
LV,72,QUANTITY_IN_100KG,2019,8584070.28
LV,72,QUANTITY_IN_100KG,2020,9202096.68
LV,72,QUANTITY_IN_100KG,2021,11555443.1
LV,72,QUANTITY_IN_100KG,2022,6145678.93
LV,72,QUANTITY_IN_100KG,2023,6506900.2
LV,72,QUANTITY_IN_100KG,2024,7098836.39
LV,72,QUANTITY_IN_100KG,2025,5519921.85
LV,72,VALUE_IN_EUROS,2014,397930122.0
LV,72,VALUE_IN_EUROS,2015,381643427.0
LV,72,VALUE_IN_EUROS,2016,309881066.0
LV,72,VALUE_IN_EUROS,2017,438192909.0
LV,72,VALUE_IN_EUROS,2018,518852319.0
LV,72,VALUE_IN_EUROS,2019,428272241.0
LV,72,VALUE_IN_EUROS,2020,396690032.0
LV,72,VALUE_IN_EUROS,2021,768640396.0
LV,72,VALUE_IN_EUROS,2022,440728300.0
LV,72,VALUE_IN_EUROS,2023,361265391.0
LV,72,VALUE_IN_EUROS,2024,376432231.0
LV,72,VALUE_IN_EUROS,2025,277708219.0
LV,7208,QUANTITY_IN_100KG,2014,1401731.31
LV,7208,QUANTITY_IN_100KG,2015,1375913.27
LV,7208,QUANTITY_IN_100KG,2016,2014093.44
LV,7208,QUANTITY_IN_100KG,2017,2229512.73
LV,7208,QUANTITY_IN_100KG,2018,1932181.44
LV,7208,QUANTITY_IN_100KG,2019,1560419.35
LV,7208,QUANTITY_IN_100KG,2020,1486397.75
LV,7208,QUANTITY_IN_100KG,2021,1953327.9
LV,7208,QUANTITY_IN_100KG,2022,424814.16
LV,7208,QUANTITY_IN_100KG,2023,451358.53
LV,7208,QUANTITY_IN_100KG,2024,562605.49
LV,7208,QUANTITY_IN_100KG,2025,424039.78
LV,7208,VALUE_IN_EUROS,2014,66697079.0
LV,7208,VALUE_IN_EUROS,2015,61812029.0
LV,7208,VALUE_IN_EUROS,2016,78920066.0
LV,7208,VALUE_IN_EUROS,2017,114609821.0
LV,7208,VALUE_IN_EUROS,2018,111637859.0
LV,7208,VALUE_IN_EUROS,2019,85532622.0
LV,7208,VALUE_IN_EUROS,2020,71817240.0
LV,7208,VALUE_IN_EUROS,2021,170318858.0
LV,7208,VALUE_IN_EUROS,2022,49153294.0
LV,7208,VALUE_IN_EUROS,2023,42101162.0
LV,7208,VALUE_IN_EUROS,2024,47898221.0
LV,7208,VALUE_IN_EUROS,2025,31417376.0
MT,72,QUANTITY_IN_100KG,2014,488673.74
MT,72,QUANTITY_IN_100KG,2015,297810.67
MT,72,QUANTITY_IN_100KG,2016,384092.04
MT,72,QUANTITY_IN_100KG,2017,729216.01
MT,72,QUANTITY_IN_100KG,2018,1469530.86
MT,72,QUANTITY_IN_100KG,2019,418241.57
MT,72,QUANTITY_IN_100KG,2020,431881.97
MT,72,QUANTITY_IN_100KG,2021,483869.82
MT,72,QUANTITY_IN_100KG,2022,625422.43
MT,72,QUANTITY_IN_100KG,2023,369787.59
MT,72,QUANTITY_IN_100KG,2024,532965.76
MT,72,QUANTITY_IN_100KG,2025,399464.98
MT,72,VALUE_IN_EUROS,2014,6106409.0
MT,72,VALUE_IN_EUROS,2015,7068698.0
MT,72,VALUE_IN_EUROS,2016,5073004.0
MT,72,VALUE_IN_EUROS,2017,6229110.0
MT,72,VALUE_IN_EUROS,2018,6890193.0
MT,72,VALUE_IN_EUROS,2019,5551989.0
MT,72,VALUE_IN_EUROS,2020,7005856.0
MT,72,VALUE_IN_EUROS,2021,16758128.0
MT,72,VALUE_IN_EUROS,2022,17984917.0
MT,72,VALUE_IN_EUROS,2023,18296678.0
MT,72,VALUE_IN_EUROS,2024,21082438.0
MT,72,VALUE_IN_EUROS,2025,17524441.0
MT,7208,QUANTITY_IN_100KG,2015,676.8
MT,7208,QUANTITY_IN_100KG,2016,0.08
MT,7208,QUANTITY_IN_100KG,2018,197.03
MT,7208,QUANTITY_IN_100KG,2019,2.8
MT,7208,QUANTITY_IN_100KG,2020,202.42
MT,7208,QUANTITY_IN_100KG,2022,80.22
MT,7208,QUANTITY_IN_100KG,2025,31.7
MT,7208,VALUE_IN_EUROS,2015,38694.0
MT,7208,VALUE_IN_EUROS,2016,46.0
MT,7208,VALUE_IN_EUROS,2018,13228.0
MT,7208,VALUE_IN_EUROS,2019,3703.0
MT,7208,VALUE_IN_EUROS,2020,31812.0
MT,7208,VALUE_IN_EUROS,2022,44940.0
MT,7208,VALUE_IN_EUROS,2025,30969.0
NL,72,QUANTITY_IN_100KG,2014,156390053.76
NL,72,QUANTITY_IN_100KG,2015,161353737.83
NL,72,QUANTITY_IN_100KG,2016,169968157.01
NL,72,QUANTITY_IN_100KG,2017,183018990.97
NL,72,QUANTITY_IN_100KG,2018,183228866.44
NL,72,QUANTITY_IN_100KG,2019,171771442.39
NL,72,QUANTITY_IN_100KG,2020,163974201.42
NL,72,QUANTITY_IN_100KG,2021,182830175.62
NL,72,QUANTITY_IN_100KG,2022,162813174.01
NL,72,QUANTITY_IN_100KG,2023,150208963.99
NL,72,QUANTITY_IN_100KG,2024,141321836.45
NL,72,QUANTITY_IN_100KG,2025,152921208.47
NL,72,VALUE_IN_EUROS,2014,11798475112.0
NL,72,VALUE_IN_EUROS,2015,11521739080.0
NL,72,VALUE_IN_EUROS,2016,10548321758.0
NL,72,VALUE_IN_EUROS,2017,13043666266.0
NL,72,VALUE_IN_EUROS,2018,13942335737.0
NL,72,VALUE_IN_EUROS,2019,12431644263.0
NL,72,VALUE_IN_EUROS,2020,10497909030.0
NL,72,VALUE_IN_EUROS,2021,15957339522.0
NL,72,VALUE_IN_EUROS,2022,19227294979.0
NL,72,VALUE_IN_EUROS,2023,15147591115.0
NL,72,VALUE_IN_EUROS,2024,14190575970.0
NL,72,VALUE_IN_EUROS,2025,13611499232.0
NL,7208,QUANTITY_IN_100KG,2014,26188534.76
NL,7208,QUANTITY_IN_100KG,2015,26154025.84
NL,7208,QUANTITY_IN_100KG,2016,22829635.05
NL,7208,QUANTITY_IN_100KG,2017,24880746.27
NL,7208,QUANTITY_IN_100KG,2018,28177510.28
NL,7208,QUANTITY_IN_100KG,2019,27667719.41
NL,7208,QUANTITY_IN_100KG,2020,26201957.99
NL,7208,QUANTITY_IN_100KG,2021,28064595.89
NL,7208,QUANTITY_IN_100KG,2022,24574502.34
NL,7208,QUANTITY_IN_100KG,2023,23781158.42
NL,7208,QUANTITY_IN_100KG,2024,24680236.93
NL,7208,QUANTITY_IN_100KG,2025,26263939.33
NL,7208,VALUE_IN_EUROS,2014,1343322439.0
NL,7208,VALUE_IN_EUROS,2015,1170075393.0
NL,7208,VALUE_IN_EUROS,2016,978495157.0
NL,7208,VALUE_IN_EUROS,2017,1325951059.0
NL,7208,VALUE_IN_EUROS,2018,1603317165.0
NL,7208,VALUE_IN_EUROS,2019,1531755314.0
NL,7208,VALUE_IN_EUROS,2020,1290342610.0
NL,7208,VALUE_IN_EUROS,2021,2168405993.0
NL,7208,VALUE_IN_EUROS,2022,2389446788.0
NL,7208,VALUE_IN_EUROS,2023,1879853110.0
NL,7208,VALUE_IN_EUROS,2024,1884196059.0
NL,7208,VALUE_IN_EUROS,2025,1857665917.0
PL,72,QUANTITY_IN_100KG,2014,64859493.06
PL,72,QUANTITY_IN_100KG,2015,58837387.49
PL,72,QUANTITY_IN_100KG,2016,62276776.6
PL,72,QUANTITY_IN_100KG,2017,70419908.35
PL,72,QUANTITY_IN_100KG,2018,71504471.52
PL,72,QUANTITY_IN_100KG,2019,73784974.67
PL,72,QUANTITY_IN_100KG,2020,68842759.37
PL,72,QUANTITY_IN_100KG,2021,76509190.58
PL,72,QUANTITY_IN_100KG,2022,69215993.97
PL,72,QUANTITY_IN_100KG,2023,72220740.4
PL,72,QUANTITY_IN_100KG,2024,71983329.51
PL,72,QUANTITY_IN_100KG,2025,67304223.09
PL,72,VALUE_IN_EUROS,2014,3477865411.0
PL,72,VALUE_IN_EUROS,2015,3256709350.0
PL,72,VALUE_IN_EUROS,2016,3186176069.0
PL,72,VALUE_IN_EUROS,2017,4203064317.0
PL,72,VALUE_IN_EUROS,2018,4660634247.0
PL,72,VALUE_IN_EUROS,2019,4396900392.0
PL,72,VALUE_IN_EUROS,2020,3795111470.0
PL,72,VALUE_IN_EUROS,2021,6214748232.0
PL,72,VALUE_IN_EUROS,2022,7544590678.0
PL,72,VALUE_IN_EUROS,2023,6011315911.0
PL,72,VALUE_IN_EUROS,2024,5360461402.0
PL,72,VALUE_IN_EUROS,2025,4809254430.0
PL,7208,QUANTITY_IN_100KG,2014,6325226.08
PL,7208,QUANTITY_IN_100KG,2015,5898501.22
PL,7208,QUANTITY_IN_100KG,2016,7568162.34
PL,7208,QUANTITY_IN_100KG,2017,13603132.05
PL,7208,QUANTITY_IN_100KG,2018,11335056.42
PL,7208,QUANTITY_IN_100KG,2019,8593920.42
PL,7208,QUANTITY_IN_100KG,2020,5497448.96
PL,7208,QUANTITY_IN_100KG,2021,7572574.95
PL,7208,QUANTITY_IN_100KG,2022,7520623.79
PL,7208,QUANTITY_IN_100KG,2023,7403759.88
PL,7208,QUANTITY_IN_100KG,2024,6739222.43
PL,7208,QUANTITY_IN_100KG,2025,6699778.89
PL,7208,VALUE_IN_EUROS,2014,312804382.0
PL,7208,VALUE_IN_EUROS,2015,277401193.0
PL,7208,VALUE_IN_EUROS,2016,324404414.0
PL,7208,VALUE_IN_EUROS,2017,713758567.0
PL,7208,VALUE_IN_EUROS,2018,655008530.0
PL,7208,VALUE_IN_EUROS,2019,477259999.0
PL,7208,VALUE_IN_EUROS,2020,274939643.0
PL,7208,VALUE_IN_EUROS,2021,667304235.0
PL,7208,VALUE_IN_EUROS,2022,811427687.0
PL,7208,VALUE_IN_EUROS,2023,598751676.0
PL,7208,VALUE_IN_EUROS,2024,508963778.0
PL,7208,VALUE_IN_EUROS,2025,441238077.0
PT,72,QUANTITY_IN_100KG,2014,24472044.97
PT,72,QUANTITY_IN_100KG,2015,24022528.39
PT,72,QUANTITY_IN_100KG,2016,25157151.98
PT,72,QUANTITY_IN_100KG,2017,27032731.74
PT,72,QUANTITY_IN_100KG,2018,26052249.13
PT,72,QUANTITY_IN_100KG,2019,25613724.43
PT,72,QUANTITY_IN_100KG,2020,24015585.73
PT,72,QUANTITY_IN_100KG,2021,25190311.88
PT,72,QUANTITY_IN_100KG,2022,20981114.49
PT,72,QUANTITY_IN_100KG,2023,24355394.51
PT,72,QUANTITY_IN_100KG,2024,24310736.9
PT,72,QUANTITY_IN_100KG,2025,22867768.44
PT,72,VALUE_IN_EUROS,2014,1211623434.0
PT,72,VALUE_IN_EUROS,2015,1110569152.0
PT,72,VALUE_IN_EUROS,2016,1065102704.0
PT,72,VALUE_IN_EUROS,2017,1357191436.0
PT,72,VALUE_IN_EUROS,2018,1449078013.0
PT,72,VALUE_IN_EUROS,2019,1343233989.0
PT,72,VALUE_IN_EUROS,2020,1158128741.0
PT,72,VALUE_IN_EUROS,2021,1801139309.0
PT,72,VALUE_IN_EUROS,2022,2008875326.0
PT,72,VALUE_IN_EUROS,2023,1796762175.0
PT,72,VALUE_IN_EUROS,2024,1698119853.0
PT,72,VALUE_IN_EUROS,2025,1557000745.0
PT,7208,QUANTITY_IN_100KG,2014,608307.32
PT,7208,QUANTITY_IN_100KG,2015,1066047.25
PT,7208,QUANTITY_IN_100KG,2016,1106786.98
PT,7208,QUANTITY_IN_100KG,2017,1047327.36
PT,7208,QUANTITY_IN_100KG,2018,1140617.24
PT,7208,QUANTITY_IN_100KG,2019,964966.31
PT,7208,QUANTITY_IN_100KG,2020,977542.61
PT,7208,QUANTITY_IN_100KG,2021,981657.18
PT,7208,QUANTITY_IN_100KG,2022,1036069.43
PT,7208,QUANTITY_IN_100KG,2023,859757.39
PT,7208,QUANTITY_IN_100KG,2024,842830.75
PT,7208,QUANTITY_IN_100KG,2025,1504010.28
PT,7208,VALUE_IN_EUROS,2014,33408175.0
PT,7208,VALUE_IN_EUROS,2015,51585463.0
PT,7208,VALUE_IN_EUROS,2016,49827532.0
PT,7208,VALUE_IN_EUROS,2017,62211745.0
PT,7208,VALUE_IN_EUROS,2018,73062588.0
PT,7208,VALUE_IN_EUROS,2019,57780256.0
PT,7208,VALUE_IN_EUROS,2020,53824641.0
PT,7208,VALUE_IN_EUROS,2021,93616525.0
PT,7208,VALUE_IN_EUROS,2022,112159742.0
PT,7208,VALUE_IN_EUROS,2023,74034564.0
PT,7208,VALUE_IN_EUROS,2024,67484415.0
PT,7208,VALUE_IN_EUROS,2025,100696470.0
RO,72,QUANTITY_IN_100KG,2014,31390838.15
RO,72,QUANTITY_IN_100KG,2015,27368681.43
RO,72,QUANTITY_IN_100KG,2016,27245888.39
RO,72,QUANTITY_IN_100KG,2017,30330761.98
RO,72,QUANTITY_IN_100KG,2018,32122016.3
RO,72,QUANTITY_IN_100KG,2019,34632100.95
RO,72,QUANTITY_IN_100KG,2020,35643545.46
RO,72,QUANTITY_IN_100KG,2021,42757281.36
RO,72,QUANTITY_IN_100KG,2022,35476045.91
RO,72,QUANTITY_IN_100KG,2023,29258380.4
RO,72,QUANTITY_IN_100KG,2024,25989483.49
RO,72,QUANTITY_IN_100KG,2025,23783207.69
RO,72,VALUE_IN_EUROS,2014,1528742818.0
RO,72,VALUE_IN_EUROS,2015,1390418263.0
RO,72,VALUE_IN_EUROS,2016,1271370671.0
RO,72,VALUE_IN_EUROS,2017,1700045355.0
RO,72,VALUE_IN_EUROS,2018,1947175864.0
RO,72,VALUE_IN_EUROS,2019,1925676952.0
RO,72,VALUE_IN_EUROS,2020,1706132307.0
RO,72,VALUE_IN_EUROS,2021,3279442891.0
RO,72,VALUE_IN_EUROS,2022,3297243445.0
RO,72,VALUE_IN_EUROS,2023,2251411445.0
RO,72,VALUE_IN_EUROS,2024,1921362838.0
RO,72,VALUE_IN_EUROS,2025,1584710929.0
RO,7208,QUANTITY_IN_100KG,2014,7970259.02
RO,7208,QUANTITY_IN_100KG,2015,10690748.26
RO,7208,QUANTITY_IN_100KG,2016,10592440.67
RO,7208,QUANTITY_IN_100KG,2017,9590154.07
RO,7208,QUANTITY_IN_100KG,2018,9835254.69
RO,7208,QUANTITY_IN_100KG,2019,11382149.85
RO,7208,QUANTITY_IN_100KG,2020,11176881.54
RO,7208,QUANTITY_IN_100KG,2021,12524898.83
RO,7208,QUANTITY_IN_100KG,2022,8609783.85
RO,7208,QUANTITY_IN_100KG,2023,4668649.53
RO,7208,QUANTITY_IN_100KG,2024,2519885.0
RO,7208,QUANTITY_IN_100KG,2025,593654.09
RO,7208,VALUE_IN_EUROS,2014,353706730.0
RO,7208,VALUE_IN_EUROS,2015,417759422.0
RO,7208,VALUE_IN_EUROS,2016,381771542.0
RO,7208,VALUE_IN_EUROS,2017,466612599.0
RO,7208,VALUE_IN_EUROS,2018,529368091.0
RO,7208,VALUE_IN_EUROS,2019,567491135.0
RO,7208,VALUE_IN_EUROS,2020,514047493.0
RO,7208,VALUE_IN_EUROS,2021,1044586856.0
RO,7208,VALUE_IN_EUROS,2022,853689713.0
RO,7208,VALUE_IN_EUROS,2023,375367234.0
RO,7208,VALUE_IN_EUROS,2024,187792414.0
RO,7208,VALUE_IN_EUROS,2025,46242433.0
SE,72,QUANTITY_IN_100KG,2014,51611458.27
SE,72,QUANTITY_IN_100KG,2015,49393930.18
SE,72,QUANTITY_IN_100KG,2016,56036056.4
SE,72,QUANTITY_IN_100KG,2017,58837321.26
SE,72,QUANTITY_IN_100KG,2018,54436568.35
SE,72,QUANTITY_IN_100KG,2019,55443152.36
SE,72,QUANTITY_IN_100KG,2020,52072879.62
SE,72,QUANTITY_IN_100KG,2021,54802054.81
SE,72,QUANTITY_IN_100KG,2022,51343611.82
SE,72,QUANTITY_IN_100KG,2023,52752140.59
SE,72,QUANTITY_IN_100KG,2024,48307012.18
SE,72,QUANTITY_IN_100KG,2025,47895532.85
SE,72,VALUE_IN_EUROS,2014,5247313146.0
SE,72,VALUE_IN_EUROS,2015,5148753645.0
SE,72,VALUE_IN_EUROS,2016,5075890402.0
SE,72,VALUE_IN_EUROS,2017,6056277594.0
SE,72,VALUE_IN_EUROS,2018,6205330103.0
SE,72,VALUE_IN_EUROS,2019,5990528530.0
SE,72,VALUE_IN_EUROS,2020,5116152774.0
SE,72,VALUE_IN_EUROS,2021,6991245007.0
SE,72,VALUE_IN_EUROS,2022,8578940366.0
SE,72,VALUE_IN_EUROS,2023,7577322900.0
SE,72,VALUE_IN_EUROS,2024,6695918897.0
SE,72,VALUE_IN_EUROS,2025,6373476920.0
SE,7208,QUANTITY_IN_100KG,2014,5602081.33
SE,7208,QUANTITY_IN_100KG,2015,5061751.71
SE,7208,QUANTITY_IN_100KG,2016,6974684.98
SE,7208,QUANTITY_IN_100KG,2017,7926964.81
SE,7208,QUANTITY_IN_100KG,2018,6228311.08
SE,7208,QUANTITY_IN_100KG,2019,6046629.43
SE,7208,QUANTITY_IN_100KG,2020,6433721.41
SE,7208,QUANTITY_IN_100KG,2021,5552232.04
SE,7208,QUANTITY_IN_100KG,2022,5201125.99
SE,7208,QUANTITY_IN_100KG,2023,5324050.17
SE,7208,QUANTITY_IN_100KG,2024,4210678.7
SE,7208,QUANTITY_IN_100KG,2025,4074458.06
SE,7208,VALUE_IN_EUROS,2014,320502993.0
SE,7208,VALUE_IN_EUROS,2015,281021882.0
SE,7208,VALUE_IN_EUROS,2016,346137605.0
SE,7208,VALUE_IN_EUROS,2017,484199938.0
SE,7208,VALUE_IN_EUROS,2018,409810853.0
SE,7208,VALUE_IN_EUROS,2019,369519392.0
SE,7208,VALUE_IN_EUROS,2020,352236279.0
SE,7208,VALUE_IN_EUROS,2021,515571799.0
SE,7208,VALUE_IN_EUROS,2022,584330468.0
SE,7208,VALUE_IN_EUROS,2023,475540868.0
SE,7208,VALUE_IN_EUROS,2024,359373497.0
SE,7208,VALUE_IN_EUROS,2025,332303061.0
SI,72,QUANTITY_IN_100KG,2014,13283931.78
SI,72,QUANTITY_IN_100KG,2015,14111287.41
SI,72,QUANTITY_IN_100KG,2016,14065868.37
SI,72,QUANTITY_IN_100KG,2017,15771488.42
SI,72,QUANTITY_IN_100KG,2018,16910206.87
SI,72,QUANTITY_IN_100KG,2019,15778444.95
SI,72,QUANTITY_IN_100KG,2020,14901402.45
SI,72,QUANTITY_IN_100KG,2021,17482433.33
SI,72,QUANTITY_IN_100KG,2022,17946446.01
SI,72,QUANTITY_IN_100KG,2023,17563697.16
SI,72,QUANTITY_IN_100KG,2024,17655077.95
SI,72,QUANTITY_IN_100KG,2025,16597662.71
SI,72,VALUE_IN_EUROS,2014,1127604135.0
SI,72,VALUE_IN_EUROS,2015,1184018841.0
SI,72,VALUE_IN_EUROS,2016,1089070121.0
SI,72,VALUE_IN_EUROS,2017,1354574462.0
SI,72,VALUE_IN_EUROS,2018,1501064537.0
SI,72,VALUE_IN_EUROS,2019,1371420410.0
SI,72,VALUE_IN_EUROS,2020,1194966271.0
SI,72,VALUE_IN_EUROS,2021,1790472174.0
SI,72,VALUE_IN_EUROS,2022,2425833356.0
SI,72,VALUE_IN_EUROS,2023,1923808888.0
SI,72,VALUE_IN_EUROS,2024,1852348596.0
SI,72,VALUE_IN_EUROS,2025,1650224338.0
SI,7208,QUANTITY_IN_100KG,2014,564210.96
SI,7208,QUANTITY_IN_100KG,2015,915326.6
SI,7208,QUANTITY_IN_100KG,2016,849061.21
SI,7208,QUANTITY_IN_100KG,2017,654343.33
SI,7208,QUANTITY_IN_100KG,2018,778499.23
SI,7208,QUANTITY_IN_100KG,2019,1397849.11
SI,7208,QUANTITY_IN_100KG,2020,1751642.88
SI,7208,QUANTITY_IN_100KG,2021,1977635.42
SI,7208,QUANTITY_IN_100KG,2022,1914800.05
SI,7208,QUANTITY_IN_100KG,2023,1351840.96
SI,7208,QUANTITY_IN_100KG,2024,1145042.82
SI,7208,QUANTITY_IN_100KG,2025,1053910.01
SI,7208,VALUE_IN_EUROS,2014,36848315.0
SI,7208,VALUE_IN_EUROS,2015,51106447.0
SI,7208,VALUE_IN_EUROS,2016,46345965.0
SI,7208,VALUE_IN_EUROS,2017,42982860.0
SI,7208,VALUE_IN_EUROS,2018,53860635.0
SI,7208,VALUE_IN_EUROS,2019,79365479.0
SI,7208,VALUE_IN_EUROS,2020,90533837.0
SI,7208,VALUE_IN_EUROS,2021,176724442.0
SI,7208,VALUE_IN_EUROS,2022,207864869.0
SI,7208,VALUE_IN_EUROS,2023,128496064.0
SI,7208,VALUE_IN_EUROS,2024,100252553.0
SI,7208,VALUE_IN_EUROS,2025,85969902.0
SK,72,QUANTITY_IN_100KG,2014,52754012.31
SK,72,QUANTITY_IN_100KG,2015,51658911.38
SK,72,QUANTITY_IN_100KG,2016,54933181.97
SK,72,QUANTITY_IN_100KG,2017,56629915.41
SK,72,QUANTITY_IN_100KG,2018,55431339.21
SK,72,QUANTITY_IN_100KG,2019,50307433.3
SK,72,QUANTITY_IN_100KG,2020,41664442.53
SK,72,QUANTITY_IN_100KG,2021,57171411.31
SK,72,QUANTITY_IN_100KG,2022,50304839.5
SK,72,QUANTITY_IN_100KG,2023,49294719.31
SK,72,QUANTITY_IN_100KG,2024,46261604.46
SK,72,QUANTITY_IN_100KG,2025,44350204.73
SK,72,VALUE_IN_EUROS,2014,3080600921.0
SK,72,VALUE_IN_EUROS,2015,2844778326.0
SK,72,VALUE_IN_EUROS,2016,2788515890.0
SK,72,VALUE_IN_EUROS,2017,3553477817.0
SK,72,VALUE_IN_EUROS,2018,3730266808.0
SK,72,VALUE_IN_EUROS,2019,3158687883.0
SK,72,VALUE_IN_EUROS,2020,2482891091.0
SK,72,VALUE_IN_EUROS,2021,4924813140.0
SK,72,VALUE_IN_EUROS,2022,5307368785.0
SK,72,VALUE_IN_EUROS,2023,4348701128.0
SK,72,VALUE_IN_EUROS,2024,3794210345.0
SK,72,VALUE_IN_EUROS,2025,3557639200.0
SK,7208,QUANTITY_IN_100KG,2014,18758442.63
SK,7208,QUANTITY_IN_100KG,2015,16123979.15
SK,7208,QUANTITY_IN_100KG,2016,18218056.89
SK,7208,QUANTITY_IN_100KG,2017,17571166.62
SK,7208,QUANTITY_IN_100KG,2018,16509970.44
SK,7208,QUANTITY_IN_100KG,2019,13868004.48
SK,7208,QUANTITY_IN_100KG,2020,10788462.23
SK,7208,QUANTITY_IN_100KG,2021,16590855.69
SK,7208,QUANTITY_IN_100KG,2022,14253995.8
SK,7208,QUANTITY_IN_100KG,2023,15127340.17
SK,7208,QUANTITY_IN_100KG,2024,13907728.07
SK,7208,QUANTITY_IN_100KG,2025,12272106.22
SK,7208,VALUE_IN_EUROS,2014,888255805.0
SK,7208,VALUE_IN_EUROS,2015,711647540.0
SK,7208,VALUE_IN_EUROS,2016,770321024.0
SK,7208,VALUE_IN_EUROS,2017,962071612.0
SK,7208,VALUE_IN_EUROS,2018,966669011.0
SK,7208,VALUE_IN_EUROS,2019,734614526.0
SK,7208,VALUE_IN_EUROS,2020,527093919.0
SK,7208,VALUE_IN_EUROS,2021,1404722034.0
SK,7208,VALUE_IN_EUROS,2022,1368317250.0
SK,7208,VALUE_IN_EUROS,2023,1151256461.0
SK,7208,VALUE_IN_EUROS,2024,976735456.0
SK,7208,VALUE_IN_EUROS,2025,799487521.0
