code,name_fr,name_en
AT,Autriche,Austria
BE,Belgique,Belgium
BG,Bulgarie,Bulgaria
CY,Chypre,Cyprus
CZ,République tchèque,Czech Republic
DE,Allemagne,Germany
DK,Danemark,Denmark
EE,Estonie,Estonia
ES,Espagne,Spain
FI,Finlande,Finland
FR,France,France
GR,Grèce,Greece
HR,Croatie,Croatia
HU,Hongrie,Hungary
IE,Irlande,Ireland
IT,Italie,Italy
LT,Lituanie,Lithuania
LU,Luxembourg,Luxembourg
LV,Lettonie,Latvia
MT,Malte,Malta
NL,Pays-Bas,Netherlands
PL,Pologne,Poland
PT,Portugal,Portugal
RO,Roumanie,Romania
SE,Suède,Sweden
SI,Slovénie,Slovenia
SK,Slovaquie,Slovakia
NO,Norvège,Norway
CH,Suisse,Switzerland
GB,Royaume-Uni,United Kingdom
TR,Turquie,Turkey
