c_dest,time,value
AR,2020,256930.976
AR,2021,268220.864
AR,2022,291581.126
AR,2023,303509.715
AT,2020,79950.18
AT,2021,89015.993
AT,2022,93255.249
AT,2023,81510.005
AU,2020,507171.706
AU,2021,514164.892
AU,2022,515691.658
AU,2023,523129.454
BE,2020,99912.458
BE,2021,104942.469
BE,2022,110134.512
BE,2023,100449.435
BG,2020,37550.86
BG,2021,42505.901
BG,2022,47096.679
BG,2023,37928.971
BR,2020,879454.777
BR,2021,940683.262
BR,2022,940980.436
BR,2023,951523.85
CA,2020,544961.054
CA,2021,563947.598
CA,2022,590749.721
CA,2023,580470.181
CH,2020,125403.742
CH,2021,115055.885
CH,2022,115977.117
CH,2023,120787.521
CN,2020,12291912.106
CN,2021,12814896.687
CN,2022,12622388.18
CN,2023,13250950.203
CY,2020,11102.72
CY,2021,10882.637
CY,2022,11779.413
CY,2023,12361.932
CZ,2020,88002.505
CZ,2021,95475.351
CZ,2022,99660.756
CZ,2023,89173.969
DE,2020,762855.999
DE,2021,813766.397
DE,2022,831035.601
DE,2023,737895.047
DK,2020,53458.188
DK,2021,57274.616
DK,2022,57401.691
DK,2023,50245.312
EE,2020,11756.126
EE,2021,13410.471
EE,2022,14412.043
EE,2023,10953.992
EL,2020,79469.736
EL,2021,86594.346
EL,2022,93378.077
EL,2023,82035.379
ES,2020,286757.276
ES,2021,320633.606
ES,2022,342172.828
ES,2023,318667.034
EU27_2020,2020,3345001.656
EU27_2020,2021,3613034.244
EU27_2020,2022,3742521.306
EU27_2020,2023,3370535.729
EXT_EU27_2020,2020,39365205.55
EXT_EU27_2020,2021,40997687.498
EXT_EU27_2020,2022,41356095.038
EXT_EU27_2020,2023,42470077.445
FI,2020,53984.996
FI,2021,57125.665
FI,2022,55282.456
FI,2023,47406.805
FR,2020,450109.637
FR,2021,477160.357
FR,2022,488549.541
FR,2023,453699.313
HR,2020,25444.377
HR,2021,28907.799
HR,2022,32245.169
HR,2023,30172.497
HU,2020,52873.966
HU,2021,56694.939
HU,2022,64669.878
HU,2023,53757.018
ID,2020,834555.14
ID,2021,840065.508
ID,2022,938065.828
ID,2023,1023924.455
IE,2020,79002.563
IE,2021,58151.421
IE,2022,60942.948
IE,2023,63509.96
IN,2020,3213187.18
IN,2021,3447136.081
IN,2022,3684669.637
IN,2023,3944489.509
IT,2020,390838.9
IT,2021,448978.795
IT,2022,485360.411
IT,2023,433421.75
JP,2020,1379624.89
JP,2021,1359640.001
JP,2022,1335409.901
JP,2023,1255407.073
KR,2020,682068.674
KR,2021,696098.666
KR,2022,691413.328
KR,2023,686991.459
LT,2020,16889.84
LT,2021,20612.831
LT,2022,21423.864
LT,2023,17506.39
LU,2020,6866.658
LU,2021,7283.177
LU,2022,6958.628
LU,2023,6802.69
LV,2020,11707.714
LV,2021,14107.448
LV,2022,13900.126
LV,2023,12211.473
MT,2020,4074.38
MT,2021,4037.953
MT,2022,4236.151
MT,2023,4699.78
MX,2020,601731.441
MX,2021,663643.458
MX,2022,678801.595
MX,2023,730116.517
NL,2020,154171.651
NL,2021,160426.205
NL,2022,159668.92
NL,2023,141675.345
NO,2020,68631.727
NO,2021,65048.191
NO,2022,62946.188
NO,2023,58587.173
PL,2020,299728.851
PL,2021,337036.932
PL,2022,330972.721
PL,2023,294994.735
PT,2020,59846.58
PT,2021,62400.46
PT,2022,66868.248
PT,2023,62048.587
RO,2020,106380.93
RO,2021,115732.236
RO,2022,118012.277
RO,2023,109974.916
RU,2020,1466366.726
RU,2021,1456601.84
RU,2022,1410453.528
RU,2023,1624787.356
SA,2020,580289.586
SA,2021,562009.551
SA,2022,601062.475
SA,2023,648220.053
SE,2020,70227.227
SE,2021,74287.106
SE,2022,73691.538
SE,2023,65664.613
SI,2020,16294.952
SI,2021,16979.987
SI,2022,17881.299
SI,2023,16573.538
SK,2020,35742.386
SK,2021,38609.146
SK,2022,41530.282
SK,2023,35195.243
TR,2020,490124.167
TR,2021,524486.563
TR,2022,583822.2
TR,2023,592939.224
UK,2020,551223.253
UK,2021,582175.134
UK,2022,598222.535
UK,2023,567064.773
US,2020,5455032.986
US,2021,5787759.496
US,2022,5932785.64
US,2023,5680007.687
WORLD,2020,42710207.206
WORLD,2021,44610721.742
WORLD,2022,45098616.344
WORLD,2023,45840613.174
WRL_REST,2020,9065234.709
WRL_REST,2021,9428369.864
WRL_REST,2022,9395941.838
WRL_REST,2023,9562404.627
ZA,2020,371300.71
ZA,2021,367683.957
ZA,2022,365132.107
ZA,2023,364766.615
