geo,time,value
AT,2014,6418.59
AT,2015,7415.04
AT,2016,7221.47
AT,2017,7897.79
AT,2018,6982.44
AT,2019,7053.68
AT,2020,5767.78
AT,2021,5750.59
AT,2022,5703.3
AT,2023,4555.95
AT,2024,4454.03
BE,2014,15050.1
BE,2015,15891.12
BE,2016,14636.61
BE,2017,14715.94
BE,2018,14857.08
BE,2019,15061.23
BE,2020,13913.0
BE,2021,12864.64
BE,2022,13536.99
BE,2023,10915.65
BE,2024,9825.67
BG,2014,28102.0
BG,2015,28947.07
BG,2016,25523.89
BG,2017,26783.1
BG,2018,22709.51
BG,2019,21553.45
BG,2020,17110.95
BG,2021,21381.99
BG,2022,25985.59
BG,2023,14807.21
BG,2024,11812.59
CH,2014,2714.06
CH,2015,2894.94
CH,2016,3068.97
CH,2017,3009.18
CH,2018,3071.05
CH,2019,3131.86
CH,2020,3101.16
CH,2021,3105.55
CH,2022,2978.78
CH,2023,2881.7
CH,2024,2926.54
CY,2014,2949.43
CY,2015,3032.44
CY,2016,3310.27
CY,2017,3298.16
CY,2018,3352.84
CY,2019,3292.34
CY,2020,3013.23
CY,2021,3087.39
CY,2022,3108.83
CY,2023,3059.6
CY,2024,3225.63
CZ,2014,46877.43
CZ,2015,46918.67
CZ,2016,47639.32
CZ,2017,47149.55
CZ,2018,46582.87
CZ,2019,43180.11
CZ,2020,36939.26
CZ,2021,39263.5
CZ,2022,40666.69
CZ,2023,33725.12
CZ,2024,30701.69
DE,2014,317957.97
DE,2015,306241.93
DE,2016,302150.42
DE,2017,282705.13
DE,2018,269768.6
DE,2019,219953.14
DE,2020,184879.74
DE,2021,212473.58
DE,2022,221140.52
DE,2023,170756.41
DE,2024,155255.07
DK,2014,13271.68
DK,2015,10454.09
DK,2016,11847.75
DK,2017,9279.18
DK,2018,9304.91
DK,2019,6477.77
DK,2020,5497.93
DK,2021,6441.39
DK,2022,6416.84
DK,2023,4812.28
DK,2024,4141.52
EE,2014,13605.84
EE,2015,10662.67
EE,2016,12173.41
EE,2017,12989.67
EE,2018,12024.01
EE,2019,6532.78
EE,2020,4190.42
EE,2021,5449.05
EE,2022,7071.52
EE,2023,3708.52
EE,2024,3109.98
EL,2014,40577.76
EL,2015,35609.05
EL,2016,31405.8
EL,2017,34981.75
EL,2018,33274.83
EL,2019,27321.64
EL,2020,19993.92
EL,2021,20163.37
EL,2022,18881.41
EL,2023,15371.01
EL,2024,15852.58
ES,2014,62895.2
ES,2015,73549.55
ES,2016,58547.32
ES,2017,68837.47
ES,2018,59425.36
ES,2019,43968.51
ES,2020,30717.18
ES,2021,31220.21
ES,2022,42652.46
ES,2023,30791.61
ES,2024,26304.48
EU27_2020,2014,955357.62
EU27_2020,2015,964051.92
EU27_2020,2016,940612.84
EU27_2020,2017,940594.01
EU27_2020,2018,882265.81
EU27_2020,2019,763428.47
EU27_2020,2020,650217.38
EU27_2020,2021,715420.1
EU27_2020,2022,733852.55
EU27_2020,2023,573818.25
EU27_2020,2024,520312.47
FI,2014,18053.74
FI,2015,15171.49
FI,2016,17113.75
FI,2017,15500.62
FI,2018,16693.03
FI,2019,14218.05
FI,2020,11211.03
FI,2021,11894.56
FI,2022,11158.41
FI,2023,8258.16
FI,2024,6814.27
FR,2014,31176.09
FR,2015,34415.59
FR,2016,38308.6
FR,2017,42655.83
FR,2018,33850.25
FR,2019,32564.66
FR,2020,29995.69
FR,2021,32748.81
FR,2022,34096.23
FR,2023,26059.71
FR,2024,21321.17
HR,2014,3066.71
HR,2015,3115.27
HR,2016,3371.21
HR,2017,2919.95
HR,2018,2411.46
HR,2019,2675.01
HR,2020,2657.08
HR,2021,2785.67
HR,2022,3102.88
HR,2023,3064.4
HR,2024,2177.34
HU,2014,11590.91
HU,2015,11980.11
HU,2016,11740.72
HU,2017,11990.11
HU,2018,11067.68
HU,2019,10619.12
HU,2020,10427.94
HU,2021,9714.24
HU,2022,9038.0
HU,2023,7469.36
HU,2024,7111.73
IE,2014,10831.26
IE,2015,11380.33
IE,2016,12136.12
IE,2017,11322.37
IE,2018,10001.34
IE,2019,8815.94
IE,2020,8158.92
IE,2021,9710.49
IE,2022,9527.67
IE,2023,7439.31
IE,2024,6847.06
IS,2014,5.12
IS,2015,4.19
IS,2016,2.37
IS,2017,2.32
IS,2018,2.36
IS,2019,4.97
IS,2020,2.62
IS,2021,3.21
IS,2022,10.49
IS,2023,10.96
IS,2024,15.45
IT,2014,72060.4
IT,2015,79316.83
IT,2016,76659.97
IT,2017,78488.96
IT,2018,70544.71
IT,2019,67341.6
IT,2020,60208.68
IT,2021,64523.04
IT,2022,71339.3
IT,2023,53489.57
IT,2024,43842.79
LT,2014,1833.9
LT,2015,1693.44
LT,2016,1444.98
LT,2017,1137.45
LT,2018,1051.03
LT,2019,873.03
LT,2020,1263.64
LT,2021,1437.39
LT,2022,1176.4
LT,2023,993.24
LT,2024,891.86
LU,2014,670.06
LU,2015,462.61
LU,2016,255.98
LU,2017,247.18
LU,2018,224.89
LU,2019,210.3
LU,2020,215.6
LU,2021,265.72
LU,2022,223.17
LU,2023,184.28
LU,2024,158.49
LV,2014,1626.47
LV,2015,1715.24
LV,2016,1805.26
LV,2017,1500.77
LV,2018,1879.47
LV,2019,1759.27
LV,2020,1318.16
LV,2021,1382.85
LV,2022,951.17
LV,2023,944.57
LV,2024,1002.97
MT,2014,1656.73
MT,2015,886.54
MT,2016,578.35
MT,2017,724.5
MT,2018,698.58
MT,2019,739.88
MT,2020,810.82
MT,2021,772.47
MT,2022,797.33
MT,2023,799.53
MT,2024,737.35
NL,2014,51592.76
NL,2015,56146.12
NL,2016,55112.76
NL,2017,51461.42
NL,2018,47640.23
NL,2019,44526.08
NL,2020,35555.62
NL,2021,35390.42
NL,2022,33466.23
NL,2023,26453.4
NL,2024,25703.91
NO,2014,1436.43
NO,2015,1467.38
NO,2016,1442.04
NO,2017,1572.03
NO,2018,1555.59
NO,2019,1481.01
NO,2020,1389.88
NO,2021,1498.69
NO,2022,1207.77
NO,2023,981.64
NO,2024,928.89
PL,2014,154072.01
PL,2015,155616.36
PL,2016,155782.79
PL,2017,157505.9
PL,2018,155807.68
PL,2019,142579.3
PL,2020,131814.93
PL,2021,152233.32
PL,2022,145742.02
PL,2023,119636.92
PL,2024,115897.16
PT,2014,12416.56
PT,2015,16005.4
PT,2016,15035.85
PT,2017,18828.77
PT,2018,15659.16
PT,2019,10886.55
PT,2020,8295.56
PT,2021,6557.42
PT,2022,6847.67
PT,2023,4491.54
PT,2024,2827.77
RO,2014,21371.58
RO,2015,21786.49
RO,2016,20245.86
RO,2017,21228.14
RO,2018,19930.62
RO,2019,16900.38
RO,2020,12742.87
RO,2021,13385.2
RO,2022,12453.5
RO,2023,10536.09
RO,2024,9586.67
SE,2014,6450.47
SE,2015,6108.59
SE,2016,6781.59
SE,2017,6598.72
SE,2018,6957.45
SE,2019,5273.92
SE,2020,5040.22
SE,2021,5939.62
SE,2022,2025.86
SE,2023,4945.24
SE,2024,4684.65
SI,2014,4446.52
SI,2015,4560.75
SI,2016,4935.31
SI,2017,4923.3
SI,2018,4807.86
SI,2019,4581.01
SI,2020,4517.09
SI,2021,4200.46
SI,2022,3419.39
SI,2023,3309.96
SI,2024,3635.86
SK,2014,4735.45
SK,2015,4969.16
SK,2016,4847.49
SK,2017,4922.27
SK,2018,4757.93
SK,2019,4469.7
SK,2020,3960.11
SK,2021,4382.71
SK,2022,3323.16
SK,2023,3239.62
SK,2024,2388.17
TR,2014,126868.35
TR,2015,127836.4
TR,2016,135423.48
TR,2017,146075.69
TR,2018,149927.57
TR,2019,139031.9
TR,2020,131641.51
TR,2021,149242.54
TR,2022,145027.27
TR,2023,143662.78
TR,2024,151143.31
